Workbook

Sheet Orders
AB1: Номер заказа | AC1: Адрес получателя | AF1: Необходимые свойства машины | AG1: Опциональные теги | AI1: Приоритет выполнения заказа | AL1: Временное окно * | AN1: Штраф | AO1: Жесткое временное окно, TRUE/FALSE | AP1: Вес (брутто), кг | AQ1: Кол-во занимаемых мест | AR1: Тип точки (pickup/delivery/garage/drop_off) | AS1: Время загрузки заказа на складе | AT1: Время готовности заказа на складе | AU1: Привязка к складу | AV1: Тип совместимости с другими заказами | BB1: Время обслуживания *
A2: - | B2: АМ | C2: №п/п | D2: № маг | E2: телефон | F2: Наименование получателя | G2: отд | H2: 09+12 | I2: 11 | J2: время подачи а/м | K2: Маршрут | L2: грзчк | M2: время прибытия в маг | N2: Рейс | O2: порядок | P2: Город | Q2: Адрес | R2: ФИО водителя | S2: В/У водителя | T2: Телефон водителя | U2: Марка автомобиля | V2: Гос.номер автомобиля | W2: Свид. Регистрации автомобиля | X2: Тип ТС | Y2: Грузоподъемность ТС | Z2: Тр.Компания | AA2: кол-во паллет | AD2: Широта | AE2: Долгота | AG2: 1 | AJ2: начало приёмки | AK2: конец приёмки | AM2: НОМЕР ЗОНЫ | AN2: За недоставку | AW2: Сравнение запланир времени и времени открытия маг | AY2: Категория маг | BA2: Наименование получателя | BB2: на адрес, сек | BC2: на заказ, сек | BE2: 29-11 | BF2: 30-11 | BG2: 01-12 | BH2: 15-12 | BI2: 16-12 | BJ2: 17-12 | BK2: 18-12
A3: comments | B3: comments | C3: comments | D3: ref | E3: phone | F3: title | G3: comments | H3: comments | I3: comments | J3: comments | K3: comments | L3: comments | M3: comments | N3: comments | O3: comments | P3: comments | Q3: comments | R3: comments | S3: comments | T3: comments | U3: comments | V3: comments | W3: comments | X3: comments | Y3: comments | Z3: comments | AA3: comments | AB3: id | AC3: address | AD3: point.lat | AE3: point.lon | AF3: required_tags | AG3: optional_tags.0.tag | AH3: optional_tags.0.value | AI3: sequence_order | AJ3: comments | AK3: comments | AL3: time_window | AM3: comments | AN3: penalty.drop | AO3: hard_window | AP3: shipment_size.weight_kg | AQ3: shipment_size.units | AR3: type | AS3: depot_duration_s | AT3: depot_ready_time | AU3: depot_id | AV3: load_types | AW3: comments | AX3: comments | AY3: comments | AZ3: comments | BA3: comments | BB3: shared_service_duration_s | BC3: service_duration_s | BE3: comments | BF3: comments | BG3: comments | BH3: comments | BI3: comments | BJ3: comments | BK3: comments | BL3: comments
A4: 0 | B4: 1 | C4: 2 | D4: 3 | E4: 4 | F4: 5 | G4: 6 | H4: 7 | I4: 8 | J4: 9 | K4: 10 | L4: 11 | M4: 12 | N4: 13 | O4: 14 | P4: 15 | Q4: 16 | R4: 17 | S4: 18 | T4: 19 | U4: 20 | V4: 21 | W4: 22 | X4: 23 | Y4: 24 | Z4: 25 | AA4: 26 | AB4: 27 | AC4: 28 | AD4: 29 | AE4: 30 | AF4: 31 | AG4: 32 | AH4: 33 | AI4: 34 | AJ4: 35 | AK4: 36 | AL4: 37 | AM4: 38 | AN4: 39 | AO4: 40 | AP4: 41 | AQ4: 42 | AR4: 43 | AS4: 44 | AT4: 45 | AU4: 46 | AV4: 47 | AW4: 48 | AX4: 49 | AY4: 50 | AZ4: 51 | BA4: 52 | BB4: 53 | BC4: 54 | BD4: 55 | BE4: 56 | BF4: 57 | BG4: 58 | BH4: 59 | BI4: 60 | BJ4: 61 | BK4: 62 | BL4: 63 | BM4: 64 | BN4: 65
C5: 460 | D5: 7009 | E5: 4009 | F5: МОСКОВСКИЙ-1-МКРН-158 | G5: АМ | H5: 9.8 | I5: 3.22 | J5: 04:00 | K5: АВС01_1 | L5: 2 | M5: 09:01:13 | N5: 1 | O5: 1 | P5: Московский | Q5: 1-й мкрн, д.158 | R5: Карасев Павел Евгеньевич | S5: 9922850884 | T5: 89001430044 | U5: ФОРД | V5: Н647МК799 | W5: 9937116734 | X5: Грузовой фургон | Y5: 3Т | Z5: авс | AA5: 8 | AB5: F460 | AC5: Московский, 1-й мкрн, д.158 | AF5: 12П, 2Г | AI5: 2 | AJ5: 09:00 | AK5: 0.54166667 | AL5: =CONCATENATE(TEXT(AJ5,"ЧЧ:ММ")," ","-"," ",TEXT(AK5,"ЧЧ:ММ")) -> 09:00 - 13:00 | AM5: 6 | AN5: =IF(AP5>1000,(AP5*320),300000) -> 300000 | AO5: TRUE | AP5: =H5*20+I5*20 -> 260.4 | AQ5: =IF(AP5>520,ROUNDUP(((H5*20)/560+(I5*20)/550),0),IF(SUM(H5:I5)=0,0,IF(AP5<255,1,ROUND(((H5*20)/520+(I5*20)/450),0)))) -> 1 | AR5: delivery | AW5: =IF(TIMEVALUE(M5)<TIMEVALUE(AJ5),AJ5,M5) -> 09:01:13 | AY5: 1 | BA5: =F5 -> МОСКОВСКИЙ-1-МКРН-158 | BB5: =AP5*4.6+10*60 -> 1797.84 | BE5: -16.558 | BG5: 9.626 | BH5: 16.526667 | BJ5: 6.4353333 | BK5: 61.835333 | BL5: МОСКОВСКИЙ_1_МКРН-158 Т/ЗАЛ
C6: 482 | D6: 877 | E6: 4877 | F6: ТРОИЦК-СОЛНЕЧНАЯ-9 | G6: АМР | H6: 7.61 | I6: 3.92 | K6: АВС01_1 | M6: 10:11:59 | N6: 1 | O6: 2 | P6: Троицк | Q6: ул.Солнечная 9 | R6: Карасев Павел Евгеньевич | S6: 9922850884 | T6: 89001430044 | U6: ФОРД | V6: Н647МК799 | W6: 9937116734 | X6: Грузовой фургон | Y6: 3Т | Z6: авс | AA6: 8 | AB6: F482 | AC6: Троицк, ул.Солнечная 9 | AF6: 14П | AI6: 2 | AJ6: =IF((WEEKDAY(TODAY(),2))=6,"10:00","09:30") -> 09:30 | AK6: 0.54166667 | AL6: =CONCATENATE(TEXT(AJ6,"ЧЧ:ММ")," ","-"," ",TEXT(AK6,"ЧЧ:ММ")) -> 09:30 - 13:00 | AM6: 5 | AN6: =IF(AP6>1000,(AP6*320),300000) -> 300000 | AO6: TRUE | AP6: =H6*20+I6*20 -> 230.6 | AQ6: =IF(AP6>520,ROUNDUP(((H6*20)/560+(I6*20)/550),0),IF(SUM(H6:I6)=0,0,IF(AP6<255,1,ROUND(((H6*20)/520+(I6*20)/450),0)))) -> 1 | AR6: delivery | AW6: =IF(TIMEVALUE(M6)<TIMEVALUE(AJ6),AJ6,M6) -> 10:11:59 | AY6: 1 | BA6: =F6 -> ТРОИЦК-СОЛНЕЧНАЯ-9 | BB6: =AP6*3+10*60 -> 1291.8 | BK6: 18.873333 | BL6: Троицк_Солнечная-9 т/зал
C7: 475 | D7: 7094 | E7: 4094 | F7: СОСЕНСКОЕ-ФИТАРЕВСКАЯ-6 | G7: АМ | H7: 25.24 | I7: 8.71 | K7: АВС01_1 | M7: 11:08:29 | N7: 1 | O7: 3 | P7: Москва | Q7: Сосенское,Коммунарка,Фитаревская ул., д.6 | R7: Карасев Павел Евгеньевич | S7: 9922850884 | T7: 89001430044 | U7: ФОРД | V7: Н647МК799 | W7: 9937116734 | X7: Грузовой фургон | Y7: 3Т | Z7: авс | AA7: 8 | AB7: F475 | AC7: улица Фитаревская, д.6, посёлок Коммунарка, Москва | AF7: 8П | AI7: 2 | AJ7: 09:00 | AK7: 0.75 | AL7: =CONCATENATE(TEXT(AJ7,"ЧЧ:ММ")," ","-"," ",TEXT(AK7,"ЧЧ:ММ")) -> 09:00 - 18:00 | AM7: 5 | AN7: =IF(AP7>1000,(AP7*320),300000) -> 300000 | AO7: TRUE | AP7: =H7*20+I7*20 -> 679 | AQ7: =IF(AP7>520,ROUNDUP(((H7*20)/560+(I7*20)/550),0),IF(SUM(H7:I7)=0,0,IF(AP7<255,1,ROUND(((H7*20)/520+(I7*20)/450),0)))) -> 2 | AR7: delivery | AW7: =IF(TIMEVALUE(M7)<TIMEVALUE(AJ7),AJ7,M7) -> 11:08:29 | AY7: 3 | BA7: =F7 -> СОСЕНСКОЕ-ФИТАРЕВСКАЯ-6 | BB7: =AP7*3.7+10*60 -> 3112.3 | BL7: ФИТАРЕВСКАЯ-6 Т/ЗАЛ
C8: 490 | D8: 7243 | E8: 4243 | F8: ПРОФСОЮЗНАЯ-152К1 | G8: АМ | H8: 17.35 | I8: 7.24 | K8: АВС01_1 | L8: 2 | M8: 12:19:49 | N8: 1 | O8: 4 | P8: Москва | Q8: Профсоюзная ул., д.152, к.1 | R8: Карасев Павел Евгеньевич | S8: 9922850884 | T8: 89001430044 | U8: ФОРД | V8: Н647МК799 | W8: 9937116734 | X8: Грузовой фургон | Y8: 3Т | Z8: авс | AA8: 8 | AB8: F490 | AC8: Москва, Профсоюзная ул., д.152, к.1 | AF8: 8П | AI8: 2 | AJ8: 09:30 | AK8: 0.54166667 | AL8: =CONCATENATE(TEXT(AJ8,"ЧЧ:ММ")," ","-"," ",TEXT(AK8,"ЧЧ:ММ")) -> 09:30 - 13:00 | AM8: 5 | AN8: =IF(AP8>1000,(AP8*320),300000) -> 300000 | AO8: TRUE | AP8: =H8*20+I8*20 -> 491.8 | AQ8: =IF(AP8>520,ROUNDUP(((H8*20)/560+(I8*20)/550),0),IF(SUM(H8:I8)=0,0,IF(AP8<255,1,ROUND(((H8*20)/520+(I8*20)/450),0)))) -> 1 | AR8: delivery | AW8: =IF(TIMEVALUE(M8)<TIMEVALUE(AJ8),AJ8,M8) -> 12:19:49 | AY8: 1 | BA8: =F8 -> ПРОФСОЮЗНАЯ-152К1 | BB8: =AP8*3.5+10*60 -> 2321.3 | BF8: -13.006667 | BJ8: -6.5833333 | BL8: ПРОФСОЮЗНАЯ-152 Т/ЗАЛ
C9: 80 | D9: 25935 | E9: 4935 | F9: САПРОНОВО-ЦЕНТРАЛЬНЫЙ-КВ-Л-1 | G9: АМР | H9: 40.86 | I9: 18.59 | K9: АВС01_1 | M9: 13:41:05 | N9: 1 | O9: 5 | P9: Ленинский г.о. | Q9: дер.Сапроново,мкр.Купелинка,кв.Центральный,д.1 | R9: Карасев Павел Евгеньевич | S9: 9922850884 | T9: 89001430044 | U9: ФОРД | V9: Н647МК799 | W9: 9937116734 | X9: Грузовой фургон | Y9: 3Т | Z9: авс | AA9: 8 | AB9: F80 | AC9: Ленинский г.о., дер.Сапроново,мкр.Купелинка,кв.Центральный,д.1 | AD9: 55.531875 | AE9: 37.721883 | AF9: 8П | AI9: 2 | AJ9: =IF((WEEKDAY(TODAY(),2))=6,"10:00","09:00") -> 09:00 | AK9: =IF(AP9>2000,"15:00",IF(AP9<1000,"16:30","16:00")) -> 16:00 | AL9: =CONCATENATE(TEXT(AJ9,"ЧЧ:ММ")," ","-"," ",TEXT(AK9,"ЧЧ:ММ")) -> 09:00 - 16:00 | AM9: 4 | AN9: =IF(AP9>1000,(AP9*320),300000) -> 380480 | AO9: TRUE | AP9: =H9*20+I9*20 -> 1189 | AQ9: =IF(AP9>520,ROUNDUP(((H9*20)/560+(I9*20)/550),0),IF(SUM(H9:I9)=0,0,IF(AP9<255,1,ROUND(((H9*20)/520+(I9*20)/450),0)))) -> 3 | AR9: delivery | AW9: =IF(TIMEVALUE(M9)<TIMEVALUE(AJ9),AJ9,M9) -> 13:41:05 | AY9: 2 | BA9: =F9 -> САПРОНОВО-ЦЕНТРАЛЬНЫЙ-КВ-Л-1 | BB9: =AP9*4.5+10*60 -> 5950.5 | BL9: Сапроново_Центальный_кв-1
C10: 24 | D10: 7045 | E10: 4045 | F10: БИРЮЛЕВСКАЯ-49 | G10: АМ | H10: 19.52 | I10: 3.31 | J10: 04:00 | K10: АВС02_1 | M10: 09:00 | N10: 1 | O10: 1 | P10: Москва | Q10: Бирюлевская ул, д.49 | R10: Андреев Николай Евгеньевич | S10: 7738771539 | T10: 89775647750 | U10: ИВЕКО | V10: У 011 ОН 799 | W10: 9941098942 | X10: Грузовой фургон | Y10: 3Т | Z10: авс | AA10: 8 | AB10: F24 | AC10: Москва, Бирюлевская ул, д.49 | AD10: 55.584115 | AE10: 37.676394 | AF10: 12П | AI10: 2 | AJ10: 09:00 | AK10: 0.54166667 | AL10: =CONCATENATE(TEXT(AJ10,"ЧЧ:ММ")," ","-"," ",TEXT(AK10,"ЧЧ:ММ")) -> 09:00 - 13:00 | AM10: 5 | AN10: =IF(AP10>1000,(AP10*320),300000) -> 300000 | AO10: TRUE | AP10: =H10*20+I10*20 -> 456.6 | AQ10: =IF(AP10>520,ROUNDUP(((H10*20)/560+(I10*20)/550),0),IF(SUM(H10:I10)=0,0,IF(AP10<255,1,ROUND(((H10*20)/520+(I10*20)/450),0)))) -> 1 | AR10: delivery | AW10: =IF(TIMEVALUE(M10)<TIMEVALUE(AJ10),AJ10,M10) -> 09:00 | AY10: 1 | BA10: =F10 -> БИРЮЛЕВСКАЯ-49 | BB10: =AP10*3.5+10*60 -> 2198.1 | BF10: 3.135 | BJ10: 15.845 | BL10: БИРЮЛЕВСКАЯ-49 Т/ЗАЛ
C11: 10 | D11: 918 | E11: 4918 | F11: ЯСЕНЕВАЯ-12К1 | G11: АМ | H11: 29.47 | I11: 8.29 | K11: АВС02_1 | M11: 09:53:30 | N11: 1 | O11: 2 | P11: Москва | Q11: Ясеневая ул., д.12, кор.1 | R11: Андреев Николай Евгеньевич | S11: 7738771539 | T11: 89775647750 | U11: ИВЕКО | V11: У 011 ОН 799 | W11: 9941098942 | X11: Грузовой фургон | Y11: 3Т | Z11: авс | AA11: 8 | AB11: F10 | AC11: Москва, Ясеневая ул., д.12, кор.1 | AF11: 12П | AI11: 2 | AJ11: 09:30 | AK11: 0.54166667 | AL11: =CONCATENATE(TEXT(AJ11,"ЧЧ:ММ")," ","-"," ",TEXT(AK11,"ЧЧ:ММ")) -> 09:30 - 13:00 | AM11: 4 | AN11: =IF(AP11>1000,(AP11*320),300000) -> 300000 | AO11: TRUE | AP11: =H11*20+I11*20 -> 755.2 | AQ11: =IF(AP11>520,ROUNDUP(((H11*20)/560+(I11*20)/550),0),IF(SUM(H11:I11)=0,0,IF(AP11<255,1,ROUND(((H11*20)/520+(I11*20)/450),0)))) -> 2 | AR11: delivery | AW11: =IF(TIMEVALUE(M11)<TIMEVALUE(AJ11),AJ11,M11) -> 09:53:30 | AY11: 1 | BA11: =F11 -> ЯСЕНЕВАЯ-12К1 | BB11: =AP11*3.5+10*60 -> 3243.2 | BH11: -6.7916667 | BL11: ЯСЕНЕВАЯ-12 Т/ЗАЛ
C12: 8 | D12: 803 | E12: 4803 | F12: КАШИРСКОЕ-Ш-65К1 | G12: АМ | H12: 20.8 | I12: 8.46 | K12: АВС02_1 | M12: 10:53:50 | N12: 1 | O12: 3 | P12: Москва | Q12: Каширское шоссе, д.65, кор.1 | R12: Андреев Николай Евгеньевич | S12: 7738771539 | T12: 89775647750 | U12: ИВЕКО | V12: У 011 ОН 799 | W12: 9941098942 | X12: Грузовой фургон | Y12: 3Т | Z12: авс | AA12: 8 | AB12: F8 | AC12: Москва, Каширское шоссе, д.65, кор.1 | AF12: 8П | AI12: 2 | AJ12: 09:00 | AK12: =IF((WEEKDAY(TODAY(),2))=4,"13:00","16:00") -> 16:00 | AL12: =CONCATENATE(TEXT(AJ12,"ЧЧ:ММ")," ","-"," ",TEXT(AK12,"ЧЧ:ММ")) -> 09:00 - 16:00 | AM12: 4 | AN12: =IF(AP12>1000,(AP12*320),300000) -> 300000 | AO12: TRUE | AP12: =H12*20+I12*20 -> 585.2 | AQ12: =IF(AP12>520,ROUNDUP(((H12*20)/560+(I12*20)/550),0),IF(SUM(H12:I12)=0,0,IF(AP12<255,1,ROUND(((H12*20)/520+(I12*20)/450),0)))) -> 2 | AR12: delivery | AW12: =IF(TIMEVALUE(M12)<TIMEVALUE(AJ12),AJ12,M12) -> 10:53:50 | AY12: 2 | BA12: =F12 -> КАШИРСКОЕ-Ш-65К1 | BB12: =AP12*4+10*60 -> 2940.8 | BI12: -0.48333333 | BL12: КАШИРСКОЕ_Ш 65/1 Т/ЗАЛ
C13: 13 | D13: 257112 | E13: 4112 | F13: МИСАЙЛОВО-ПРИГОРОДНОЕ-Ш-7 | G13: АМР | H13: 19.11 | I13: 16.13 | K13: АВС02_1 | M13: 12:10:30 | N13: 1 | O13: 4 | P13: г.Видное | Q13: дер.Мисайлово, ш.Пригородное, д.7 | R13: Андреев Николай Евгеньевич | S13: 7738771539 | T13: 89775647750 | U13: ИВЕКО | V13: У 011 ОН 799 | W13: 9941098942 | X13: Грузовой фургон | Y13: 3Т | Z13: авс | AA13: 8 | AB13: F13 | AC13: Мос.обл., дер.Мисайлово, Пригородное ш., д.7 | AF13: 12П | AI13: 2 | AJ13: =IF((WEEKDAY(TODAY(),2))=6,"10:00","09:00") -> 09:00 | AK13: =IF(AP13>2000,"15:00",IF(AP13<1000,"16:30","16:00")) -> 16:30 | AL13: =CONCATENATE(TEXT(AJ13,"ЧЧ:ММ")," ","-"," ",TEXT(AK13,"ЧЧ:ММ")) -> 09:00 - 16:30 | AM13: 4 | AN13: =IF(AP13>1000,(AP13*320),300000) -> 300000 | AO13: TRUE | AP13: =H13*20+I13*20 -> 704.8 | AQ13: =IF(AP13>520,ROUNDUP(((H13*20)/560+(I13*20)/550),0),IF(SUM(H13:I13)=0,0,IF(AP13<255,1,ROUND(((H13*20)/520+(I13*20)/450),0)))) -> 2 | AR13: delivery | AW13: =IF(TIMEVALUE(M13)<TIMEVALUE(AJ13),AJ13,M13) -> 12:10:30 | AY13: 2 | BA13: =F13 -> МИСАЙЛОВО-ПРИГОРОДНОЕ-Ш-7 | BB13: =AP13*3.5+10*60 -> 3066.8 | BL13: ВИДНОЕ_ПРИГОРОДНОЕ_Ш-7
C14: 3 | D14: 776 | E14: 4776 | F14: НОВОЧЕРКАССКИЙ-Б-Р-55 | G14: АМ | H14: 20.68 | I14: 1.72 | K14: АВС02_1 | M14: 13:38:18 | N14: 1 | O14: 5 | P14: Москва | Q14: Новочеркасский бульв., д.55 | R14: Андреев Николай Евгеньевич | S14: 7738771539 | T14: 89775647750 | U14: ИВЕКО | V14: У 011 ОН 799 | W14: 9941098942 | X14: Грузовой фургон | Y14: 3Т | Z14: авс | AA14: 8 | AB14: F3 | AC14: Москва, Новочеркасский бульв., д.55 | AF14: 8П | AI14: 2 | AJ14: 09:00 | AK14: 0.54166667 | AL14: =CONCATENATE(TEXT(AJ14,"ЧЧ:ММ")," ","-"," ",TEXT(AK14,"ЧЧ:ММ")) -> 09:00 - 13:00 | AM14: 4 | AN14: =IF(AP14>1000,(AP14*320),300000) -> 300000 | AO14: TRUE | AP14: =H14*20+I14*20 -> 448 | AQ14: =IF(AP14>520,ROUNDUP(((H14*20)/560+(I14*20)/550),0),IF(SUM(H14:I14)=0,0,IF(AP14<255,1,ROUND(((H14*20)/520+(I14*20)/450),0)))) -> 1 | AR14: delivery | AW14: =IF(TIMEVALUE(M14)<TIMEVALUE(AJ14),AJ14,M14) -> 13:38:18 | AY14: 1 | BA14: =F14 -> НОВОЧЕРКАССКИЙ-Б-Р-55 | BB14: =AP14*3.5+10*60 -> 2168 | BH14: -2.46 | BJ14: 48.43 | BL14: НОВОЧЕРКАССКИЙ_Б_Р-55 Т/ЗАЛ
C15: 343 | D15: 25953 | E15: 4953 | F15: МЫТИЩИ-АК-КАРГИНА-23А | G15: АМР | H15: 30.99 | I15: 7.32 | J15: 04:00 | K15: АВС03_1 | M15: 09:30 | N15: 1 | O15: 1 | P15: Мытищи | Q15: ул. Академика Каргина, д.23А | R15: Королев Владимир Николаевич | S15: 9944246048 | T15: 89773475755 | U15: ИВЕКО | V15: Е 248 РВ 799 | W15: 9943505322 | X15: Грузовой фургон | Y15: 3Т | Z15: авс | AA15: 8 | AB15: F343 | AC15: Мытищи, ул. Академика Каргина, д.23А | AF15: 12П | AI15: 2 | AJ15: =IF((WEEKDAY(TODAY(),2))=6,"10:00","09:30") -> 09:30 | AK15: =IF(AP15>2000,"15:00",IF(AP15<1000,"16:30","16:00")) -> 16:30 | AL15: =CONCATENATE(TEXT(AJ15,"ЧЧ:ММ")," ","-"," ",TEXT(AK15,"ЧЧ:ММ")) -> 09:30 - 16:30 | AM15: 2 | AN15: =IF(AP15>1000,(AP15*320),300000) -> 300000 | AO15: TRUE | AP15: =H15*20+I15*20 -> 766.2 | AQ15: =IF(AP15>520,ROUNDUP(((H15*20)/560+(I15*20)/550),0),IF(SUM(H15:I15)=0,0,IF(AP15<255,1,ROUND(((H15*20)/520+(I15*20)/450),0)))) -> 2 | AR15: delivery | AW15: =IF(TIMEVALUE(M15)<TIMEVALUE(AJ15),AJ15,M15) -> 09:30 | AY15: 2 | BA15: =F15 -> МЫТИЩИ-АК-КАРГИНА-23А | BB15: =AP15*3.8+10*60 -> 3511.56 | BL15: Мытищи_Ак_Каргина-23а
C16: 334 | D16: 257161 | E16: 4161 | F16: 1-СТРЕЛКОВЫЙ-ПЕР-3 | G16: АМР | H16: 17.61 | I16: 8.51 | K16: АВС03_1 | M16: 10:49:24 | N16: 1 | O16: 2 | P16: Мытищи | Q16: 1й Стрелковый пер., д.3 | R16: Королев Владимир Николаевич | S16: 9944246048 | T16: 89773475755 | U16: ИВЕКО | V16: Е 248 РВ 799 | W16: 9943505322 | X16: Грузовой фургон | Y16: 3Т | Z16: авс | AA16: 8 | AB16: F334 | AC16: Московская Область, г.о. Мытищи, г. Мытищи, 1-й Стрелковый пер.,д.3 | AF16: 12П | AI16: 2 | AJ16: =IF((WEEKDAY(TODAY(),2))=6,"10:00","09:30") -> 09:30 | AK16: 0.75 | AL16: =CONCATENATE(TEXT(AJ16,"ЧЧ:ММ")," ","-"," ",TEXT(AK16,"ЧЧ:ММ")) -> 09:30 - 18:00 | AM16: 2 | AN16: =IF(AP16>1000,(AP16*320),300000) -> 300000 | AO16: TRUE | AP16: =H16*20+I16*20 -> 522.4 | AQ16: =IF(AP16>520,ROUNDUP(((H16*20)/560+(I16*20)/550),0),IF(SUM(H16:I16)=0,0,IF(AP16<255,1,ROUND(((H16*20)/520+(I16*20)/450),0)))) -> 1 | AR16: delivery | AW16: =IF(TIMEVALUE(M16)<TIMEVALUE(AJ16),AJ16,M16) -> 10:49:24 | AY16: 3 | BA16: =F16 -> 1-СТРЕЛКОВЫЙ-ПЕР-3 | BB16: =AP16*3.5+10*60 -> 2428.4 | BL16: МЫТИЩИ_1_СТРЕЛКОВЫЙ-3
C17: 341 | D17: 25711 | E17: 4711 | F17: МЫТИЩИ-РОЖДЕСТВЕНСКАЯ-11 | G17: АМР | H17: 19.86 | I17: 12.76 | K17: АВС03_1 | M17: 11:56:41 | N17: 1 | O17: 3 | P17: Мытищи | Q17: Рождественская ул 11 | R17: Королев Владимир Николаевич | S17: 9944246048 | T17: 89773475755 | U17: ИВЕКО | V17: Е 248 РВ 799 | W17: 9943505322 | X17: Грузовой фургон | Y17: 3Т | Z17: авс | AA17: 8 | AB17: F341 | AC17: Мытищи, Рождественская ул 11 | AF17: 12П | AI17: 2 | AJ17: =IF((WEEKDAY(TODAY(),2))=6,"10:00","09:00") -> 09:00 | AK17: 0.54166667 | AL17: =CONCATENATE(TEXT(AJ17,"ЧЧ:ММ")," ","-"," ",TEXT(AK17,"ЧЧ:ММ")) -> 09:00 - 13:00 | AM17: 2 | AN17: =IF(AP17>1000,(AP17*320),300000) -> 300000 | AO17: TRUE | AP17: =H17*20+I17*20 -> 652.4 | AQ17: =IF(AP17>520,ROUNDUP(((H17*20)/560+(I17*20)/550),0),IF(SUM(H17:I17)=0,0,IF(AP17<255,1,ROUND(((H17*20)/520+(I17*20)/450),0)))) -> 2 | AR17: delivery | AW17: =IF(TIMEVALUE(M17)<TIMEVALUE(AJ17),AJ17,M17) -> 11:56:41 | AY17: 1 | BA17: =F17 -> МЫТИЩИ-РОЖДЕСТВЕНСКАЯ-11 | BB17: =AP17*3.5+10*60 -> 2883.4 | BF17: -27.166667 | BG17: 12.176667 | BL17: Мытищи_рождественская-11
C18: 336 | D18: 25682 | E18: 7682 | F18: МЫТИЩИ-КОЛПАКОВА-26 | G18: АМР | H18: 13.98 | I18: 3.99 | K18: АВС03_1 | M18: 13:01:30 | N18: 1 | O18: 4 | P18: Мытищи | Q18: ул.Колпакова, д.26 | R18: Королев Владимир Николаевич | S18: 9944246048 | T18: 89773475755 | U18: ИВЕКО | V18: Е 248 РВ 799 | W18: 9943505322 | X18: Грузовой фургон | Y18: 3Т | Z18: авс | AA18: 8 | AB18: F336 | AC18: Мытищи, ул.Колпакова, д.26 | AF18: 14П | AI18: 2 | AJ18: =IF((WEEKDAY(TODAY(),2))=6,"10:00","09:30") -> 09:30 | AK18: 0.75 | AL18: =CONCATENATE(TEXT(AJ18,"ЧЧ:ММ")," ","-"," ",TEXT(AK18,"ЧЧ:ММ")) -> 09:30 - 18:00 | AM18: 2 | AN18: =IF(AP18>1000,(AP18*320),300000) -> 300000 | AO18: TRUE | AP18: =H18*20+I18*20 -> 359.4 | AQ18: =IF(AP18>520,ROUNDUP(((H18*20)/560+(I18*20)/550),0),IF(SUM(H18:I18)=0,0,IF(AP18<255,1,ROUND(((H18*20)/520+(I18*20)/450),0)))) -> 1 | AR18: delivery | AW18: =IF(TIMEVALUE(M18)<TIMEVALUE(AJ18),AJ18,M18) -> 13:01:30 | AY18: 3 | BA18: =F18 -> МЫТИЩИ-КОЛПАКОВА-26 | BB18: =AP18*3.7+10*60 -> 1929.78 | BG18: -10.129667 | BH18: 8.0403333 | BJ18: 54.853 | BL18: Мытищи_колпакова-26
C19: 337 | D19: 25966 | E19: 4966 | F19: МЫТИЩИ-АСТРАХОВА-ПР-Т-2 | G19: АМР | H19: 21.38 | I19: 6.51 | K19: АВС03_1 | M19: 13:40:32 | N19: 1 | O19: 5 | P19: Мытищи | Q19: просп. Астрахова, д.2 | R19: Королев Владимир Николаевич | S19: 9944246048 | T19: 89773475755 | U19: ИВЕКО | V19: Е 248 РВ 799 | W19: 9943505322 | X19: Грузовой фургон | Y19: 3Т | Z19: авс | AA19: 8 | AB19: F337 | AC19: Мытищи, просп. Астрахова, д.2 | AF19: 12П | AI19: 2 | AJ19: =IF((WEEKDAY(TODAY(),2))=6,"10:00","09:30") -> 09:30 | AK19: 0.75 | AL19: =CONCATENATE(TEXT(AJ19,"ЧЧ:ММ")," ","-"," ",TEXT(AK19,"ЧЧ:ММ")) -> 09:30 - 18:00 | AM19: 2 | AN19: =IF(AP19>1000,(AP19*320),300000) -> 300000 | AO19: TRUE | AP19: =H19*20+I19*20 -> 557.8 | AQ19: =IF(AP19>520,ROUNDUP(((H19*20)/560+(I19*20)/550),0),IF(SUM(H19:I19)=0,0,IF(AP19<255,1,ROUND(((H19*20)/520+(I19*20)/450),0)))) -> 2 | AR19: delivery | AW19: =IF(TIMEVALUE(M19)<TIMEVALUE(AJ19),AJ19,M19) -> 13:40:32 | AY19: 3 | BA19: =F19 -> МЫТИЩИ-АСТРАХОВА-ПР-Т-2 | BB19: =AP19*3+10*60 -> 2273.4 | BH19: 13.45 | BL19: Мытищи_Астрахова-2
C20: 548 | D20: 25979 | E20: 4979 | F20: ЛЮБЕРЦЫ-КОМСОМОЛ-ПР-Т-16К2 | G20: АМР | H20: 25.33 | I20: 8 | J20: 04:00 | K20: АВС04_1 | M20: 11:21:03 | N20: 1 | O20: 1 | P20: Люберцы | Q20: Комсомольский просп., д.16, кор.2 | R20: Лящук Николай Сергеевич | S20: 9907625470 | T20: 89965336717 | U20: ИВЕКО | V20: А828ЕЕ799 | W20: 9972976650 | X20: Грузовой фургон | Y20: 3Т | Z20: авс | AA20: 8 | AB20: F548 | AC20: Люберцы, Комсомольский просп., д.16, кор.2 | AF20: 14П | AI20: 2 | AJ20: =IF((WEEKDAY(TODAY(),2))=6,"10:00","09:30") -> 09:30 | AK20: =IF(AP20>2000,"15:00",IF(AP20<1000,"16:30","16:00")) -> 16:30 | AL20: =CONCATENATE(TEXT(AJ20,"ЧЧ:ММ")," ","-"," ",TEXT(AK20,"ЧЧ:ММ")) -> 09:30 - 16:30 | AM20: 3 | AN20: =IF(AP20>1000,(AP20*320),300000) -> 300000 | AO20: TRUE | AP20: =H20*20+I20*20 -> 666.6 | AQ20: =IF(AP20>520,ROUNDUP(((H20*20)/560+(I20*20)/550),0),IF(SUM(H20:I20)=0,0,IF(AP20<255,1,ROUND(((H20*20)/520+(I20*20)/450),0)))) -> 2 | AR20: delivery | AW20: =IF(TIMEVALUE(M20)<TIMEVALUE(AJ20),AJ20,M20) -> 11:21:03 | AY20: 2 | BA20: =F20 -> ЛЮБЕРЦЫ-КОМСОМОЛ-ПР-Т-16К2 | BB20: =AP20*3.5+10*60 -> 2933.1 | BL20: Люберцы_Комсомольский-16
C21: 546 | D21: 25993 | E21: 4993 | F21: ЛЮБЕРЦЫ-ИНИЦИАТИВНАЯ-7В | G21: АМР | H21: 28.95 | I21: 9.13 | K21: АВС04_1 | M21: 12:18:18 | N21: 1 | O21: 2 | P21: Люберцы | Q21: Инициативная ул., д.7В | R21: Лящук Николай Сергеевич | S21: 9907625470 | T21: 89965336717 | U21: ИВЕКО | V21: А828ЕЕ799 | W21: 9972976650 | X21: Грузовой фургон | Y21: 3Т | Z21: авс | AA21: 8 | AB21: F546 | AC21: Люберцы, Инициативная ул., д.7В | AF21: 14П | AI21: 2 | AJ21: =IF((WEEKDAY(TODAY(),2))=6,"10:00","09:30") -> 09:30 | AK21: =IF(AP21>2000,"15:00",IF(AP21<1000,"16:30","16:00")) -> 16:30 | AL21: =CONCATENATE(TEXT(AJ21,"ЧЧ:ММ")," ","-"," ",TEXT(AK21,"ЧЧ:ММ")) -> 09:30 - 16:30 | AM21: 3 | AN21: =IF(AP21>1000,(AP21*320),300000) -> 300000 | AO21: TRUE | AP21: =H21*20+I21*20 -> 761.6 | AQ21: =IF(AP21>520,ROUNDUP(((H21*20)/560+(I21*20)/550),0),IF(SUM(H21:I21)=0,0,IF(AP21<255,1,ROUND(((H21*20)/520+(I21*20)/450),0)))) -> 2 | AR21: delivery | AW21: =IF(TIMEVALUE(M21)<TIMEVALUE(AJ21),AJ21,M21) -> 12:18:18 | AY21: 2 | BA21: =F21 -> ЛЮБЕРЦЫ-ИНИЦИАТИВНАЯ-7В | BB21: =AP21*3+10*60 -> 2884.8 | BG21: -0.81666667 | BH21: -27.08 | BJ21: 8.16 | BL21: Люберцы_Инициативная-7в
C22: 547 | D22: 25973 | E22: 4973 | F22: ЛЮБЕРЦЫ-8-МАРТА-18К1 | G22: АМР | H22: 14.19 | I22: 10.49 | K22: АВС04_1 | L22: 2 | M22: 13:15:57 | N22: 1 | O22: 3 | P22: Люберцы | Q22: ул.8 марта, д.18, кор.1 | R22: Лящук Николай Сергеевич | S22: 9907625470 | T22: 89965336717 | U22: ИВЕКО | V22: А828ЕЕ799 | W22: 9972976650 | X22: Грузовой фургон | Y22: 3Т | Z22: авс | AA22: 8 | AB22: F547 | AC22: Люберцы, ул.8 марта, д.18, кор.1 | AF22: 8П,2Г | AI22: 2 | AJ22: =IF((WEEKDAY(TODAY(),2))=6,"10:00","09:30") -> 09:30 | AK22: 0.58333333 | AL22: =CONCATENATE(TEXT(AJ22,"ЧЧ:ММ")," ","-"," ",TEXT(AK22,"ЧЧ:ММ")) -> 09:30 - 14:00 | AM22: 3 | AN22: =IF(AP22>1000,(AP22*320),300000) -> 300000 | AO22: TRUE | AP22: =H22*20+I22*20 -> 493.6 | AQ22: =IF(AP22>520,ROUNDUP(((H22*20)/560+(I22*20)/550),0),IF(SUM(H22:I22)=0,0,IF(AP22<255,1,ROUND(((H22*20)/520+(I22*20)/450),0)))) -> 1 | AR22: delivery | AW22: =IF(TIMEVALUE(M22)<TIMEVALUE(AJ22),AJ22,M22) -> 13:15:57 | AY22: 2 | BA22: =F22 -> ЛЮБЕРЦЫ-8-МАРТА-18К1 | BB22: =AP22*4.1+10*60 -> 2623.76 | BF22: -2.9476667 | BG22: -0.39433333 | BH22: -26.614667 | BJ22: -3.985 | BL22: Люберцы_8 Марта-18
C23: 556 | D23: 25995 | E23: 4995 | F23: ЛЮБЕРЦЫ-КАМОВА-5К1 | G23: АМР | H23: 18.28 | I23: 7.67 | K23: АВС04_1 | M23: 14:25:52 | N23: 1 | O23: 4 | P23: Люберцы | Q23: ул.Камова д.5 к.1 | R23: Лящук Николай Сергеевич | S23: 9907625470 | T23: 89965336717 | U23: ИВЕКО | V23: А828ЕЕ799 | W23: 9972976650 | X23: Грузовой фургон | Y23: 3Т | Z23: авс | AA23: 8 | AB23: F556 | AC23: Люберцы, ул.Камова д.5 к.1 | AF23: 8П | AI23: 2 | AJ23: =IF((WEEKDAY(TODAY(),2))=6,"10:00","09:30") -> 09:30 | AK23: =IF(AP23>2000,"15:00",IF(AP23<1000,"16:30","16:00")) -> 16:30 | AL23: =CONCATENATE(TEXT(AJ23,"ЧЧ:ММ")," ","-"," ",TEXT(AK23,"ЧЧ:ММ")) -> 09:30 - 16:30 | AM23: 3 | AN23: =IF(AP23>1000,(AP23*320),300000) -> 300000 | AO23: TRUE | AP23: =H23*20+I23*20 -> 519 | AQ23: =IF(AP23>520,ROUNDUP(((H23*20)/560+(I23*20)/550),0),IF(SUM(H23:I23)=0,0,IF(AP23<255,1,ROUND(((H23*20)/520+(I23*20)/450),0)))) -> 1 | AR23: delivery | AW23: =IF(TIMEVALUE(M23)<TIMEVALUE(AJ23),AJ23,M23) -> 14:25:52 | AY23: 2 | BA23: =F23 -> ЛЮБЕРЦЫ-КАМОВА-5К1 | BB23: =AP23*3+10*60 -> 2157 | BF23: 1.0033333 | BG23: 7.95 | BH23: 24.14 | BL23: Люберцы_Камова-5
C24: 563 | D24: 25914 | E24: 4914 | F24: САВВИНО-СПАССКИЙ-Б-Р-1 | G24: АМР | H24: 18.59 | I24: 3.31 | K24: АВС04_1 | M24: 15:41:18 | N24: 1 | O24: 5 | P24: Балашиха | Q24: мкр.Саввино,Спасский б-р д.1 | R24: Лящук Николай Сергеевич | S24: 9907625470 | T24: 89965336717 | U24: ИВЕКО | V24: А828ЕЕ799 | W24: 9972976650 | X24: Грузовой фургон | Y24: 3Т | Z24: авс | AA24: 8 | AB24: F563 | AC24: Балашиха, г.о.Балашиха,мкр.Саввино,Спасский б-р д.1 | AF24: 12П | AI24: 2 | AJ24: =IF((WEEKDAY(TODAY(),2))=6,"10:00","09:00") -> 09:00 | AK24: =IF(AP24>2000,"15:00",IF(AP24<1000,"16:30","16:00")) -> 16:30 | AL24: =CONCATENATE(TEXT(AJ24,"ЧЧ:ММ")," ","-"," ",TEXT(AK24,"ЧЧ:ММ")) -> 09:00 - 16:30 | AM24: 3 | AN24: =IF(AP24>1000,(AP24*320),300000) -> 300000 | AO24: TRUE | AP24: =H24*20+I24*20 -> 438 | AQ24: =IF(AP24>520,ROUNDUP(((H24*20)/560+(I24*20)/550),0),IF(SUM(H24:I24)=0,0,IF(AP24<255,1,ROUND(((H24*20)/520+(I24*20)/450),0)))) -> 1 | AR24: delivery | AW24: =IF(TIMEVALUE(M24)<TIMEVALUE(AJ24),AJ24,M24) -> 15:41:18 | AY24: 2 | BA24: =F24 -> САВВИНО-СПАССКИЙ-Б-Р-1 | BB24: =AP24*3+10*60 -> 1914 | BL24: Балашиха_Спасский-1
C25: 550 | D25: 25929 | E25: 4929 | F25: ЛЮБЕРЦЫ-ВЕСЕННЯЯ-12 | G25: АМР | H25: 32.99 | I25: 10.91 | J25: 04:30 | K25: АВС05_1 | M25: 09:30 | N25: 1 | O25: 1 | P25: Люберцы | Q25: Весенняя ул, 12 | R25: Краснов Александр Николаевич | S25: 9908654881 | T25: 89771346704 | U25: ФОРД | V25: К183АМ977 | W25: 9947787826 | X25: Грузовой фургон | Y25: 3Т | Z25: авс | AA25: 8 | AB25: F550 | AC25: Люберцы, Весенняя ул, 12 | AF25: 8П | AI25: 2 | AJ25: =IF((WEEKDAY(TODAY(),2))=6,"10:00","09:30") -> 09:30 | AK25: =IF(AP25>2000,"15:00",IF(AP25<1000,"16:30","16:00")) -> 16:30 | AL25: =CONCATENATE(TEXT(AJ25,"ЧЧ:ММ")," ","-"," ",TEXT(AK25,"ЧЧ:ММ")) -> 09:30 - 16:30 | AM25: 3 | AN25: =IF(AP25>1000,(AP25*320),300000) -> 300000 | AO25: TRUE | AP25: =H25*20+I25*20 -> 878 | AQ25: =IF(AP25>520,ROUNDUP(((H25*20)/560+(I25*20)/550),0),IF(SUM(H25:I25)=0,0,IF(AP25<255,1,ROUND(((H25*20)/520+(I25*20)/450),0)))) -> 2 | AR25: delivery | AW25: =IF(TIMEVALUE(M25)<TIMEVALUE(AJ25),AJ25,M25) -> 09:30 | AY25: 2 | BA25: =F25 -> ЛЮБЕРЦЫ-ВЕСЕННЯЯ-12 | BB25: =AP25*3+10*60 -> 3234 | BF25: 7.1333333 | BL25: Люберцы_Весенняя-12
C26: 545 | D26: 903 | E26: 4903 | F26: НОВОКОСИНСКАЯ-13К2 | G26: АМР | H26: 49.15 | I26: 12.4 | K26: АВС05_1 | M26: 10:48:46 | N26: 1 | O26: 2 | P26: Москва | Q26: Новокосинская ул., 13 к 2 | R26: Краснов Александр Николаевич | S26: 9908654881 | T26: 89771346704 | U26: ФОРД | V26: К183АМ977 | W26: 9947787826 | X26: Грузовой фургон | Y26: 3Т | Z26: авс | AA26: 8 | AB26: F545 | AC26: Москва, Новокосинская ул., 13 к 2 | AF26: 12П | AI26: 2 | AJ26: =IF((WEEKDAY(TODAY(),2))=6,"10:00","09:00") -> 09:00 | AK26: =IF(AP26>2000,"15:00",IF(AP26<1000,"16:30","16:00")) -> 16:00 | AL26: =CONCATENATE(TEXT(AJ26,"ЧЧ:ММ")," ","-"," ",TEXT(AK26,"ЧЧ:ММ")) -> 09:00 - 16:00 | AM26: 3 | AN26: =IF(AP26>1000,(AP26*320),300000) -> 393920 | AO26: TRUE | AP26: =H26*20+I26*20 -> 1231 | AQ26: =IF(AP26>520,ROUNDUP(((H26*20)/560+(I26*20)/550),0),IF(SUM(H26:I26)=0,0,IF(AP26<255,1,ROUND(((H26*20)/520+(I26*20)/450),0)))) -> 3 | AR26: delivery | AW26: =IF(TIMEVALUE(M26)<TIMEVALUE(AJ26),AJ26,M26) -> 10:48:46 | AY26: 2 | BA26: =F26 -> НОВОКОСИНСКАЯ-13К2 | BB26: =AP26*3.3+10*60 -> 4662.3 | BF26: -28.824667 | BL26: НОВОКОСИНСКАЯ-13 Т/ЗАЛ
C27: 542 | D27: 25790 | E27: 4790 | F27: РЕУТОВ-ЧЕЛОМЕЯ-11 | G27: АМР | H27: 21.63 | I27: 8.86 | K27: АВС05_1 | M27: 12:18:24 | N27: 1 | O27: 3 | P27: Реутов | Q27: ул.Челомея, д.11 | R27: Краснов Александр Николаевич | S27: 9908654881 | T27: 89771346704 | U27: ФОРД | V27: К183АМ977 | W27: 9947787826 | X27: Грузовой фургон | Y27: 3Т | Z27: авс | AA27: 8 | AB27: F542 | AC27: Реутов, ул.Челомея, д.11 | AF27: 12П | AI27: 2 | AJ27: =IF((WEEKDAY(TODAY(),2))=6,"10:00","09:00") -> 09:00 | AK27: =IF(AP27>2000,"15:00",IF(AP27<1000,"16:30","16:00")) -> 16:30 | AL27: =CONCATENATE(TEXT(AJ27,"ЧЧ:ММ")," ","-"," ",TEXT(AK27,"ЧЧ:ММ")) -> 09:00 - 16:30 | AM27: 3 | AN27: =IF(AP27>1000,(AP27*320),300000) -> 300000 | AO27: TRUE | AP27: =H27*20+I27*20 -> 609.8 | AQ27: =IF(AP27>520,ROUNDUP(((H27*20)/560+(I27*20)/550),0),IF(SUM(H27:I27)=0,0,IF(AP27<255,1,ROUND(((H27*20)/520+(I27*20)/450),0)))) -> 2 | AR27: delivery | AW27: =IF(TIMEVALUE(M27)<TIMEVALUE(AJ27),AJ27,M27) -> 12:18:24 | AY27: 2 | BA27: =F27 -> РЕУТОВ-ЧЕЛОМЕЯ-11 | BB27: =AP27*3.3+10*60 -> 2612.34 | BK27: -4.8856667 | BL27: Реутов Челомея-11
C28: 532 | D28: 634 | E28: 7634 | F28: БУДЕННОГО-ПР-Т-30/8 | G28: АМ | H28: 6.79 | I28: 3.13 | K28: АВС05_1 | M28: 13:33:41 | N28: 1 | O28: 4 | P28: Москва | Q28: Буденного пр-т, д. 30/8 | R28: Краснов Александр Николаевич | S28: 9908654881 | T28: 89771346704 | U28: ФОРД | V28: К183АМ977 | W28: 9947787826 | X28: Грузовой фургон | Y28: 3Т | Z28: авс | AA28: 8 | AB28: F532 | AC28: Москва, Буденного пр-т, д. 30/8 | AF28: 12П | AI28: 2 | AJ28: 09:00 | AK28: 0.54166667 | AL28: =CONCATENATE(TEXT(AJ28,"ЧЧ:ММ")," ","-"," ",TEXT(AK28,"ЧЧ:ММ")) -> 09:00 - 13:00 | AM28: 3 | AN28: =IF(AP28>1000,(AP28*320),300000) -> 300000 | AO28: TRUE | AP28: =H28*20+I28*20 -> 198.4 | AQ28: =IF(AP28>520,ROUNDUP(((H28*20)/560+(I28*20)/550),0),IF(SUM(H28:I28)=0,0,IF(AP28<255,1,ROUND(((H28*20)/520+(I28*20)/450),0)))) -> 1 | AR28: delivery | AW28: =IF(TIMEVALUE(M28)<TIMEVALUE(AJ28),AJ28,M28) -> 13:33:41 | AY28: 1 | BA28: =F28 -> БУДЕННОГО-ПР-Т-30/8 | BB28: =AP28*3+10*60 -> 1195.2 | BK28: 15.813333 | BL28: БУДЕННОГО ПР-КТ Т/ЗАЛ
C29: 180 | D29: 945 | E29: 4945 | F29: СМОЛЬНАЯ-44 | G29: АМ | H29: 12.97 | I29: 11.34 | J29: 04:30 | K29: АВС06_1 | M29: 09:00 | N29: 1 | O29: 1 | P29: Москва | Q29: ул. Смольная 44 | R29: Петросян Ерванд Айказович | S29: 50ОУ637069 | T29: 89259050666 | U29: ФОРД | V29: К182АМ977 | W29: 9947787533 | X29: Грузовой фургон | Y29: 3Т | Z29: авс | AA29: 8 | AB29: F180 | AC29: Москва, ул. Смольная 44 | AD29: 55.869418 | AE29: 37.473360 | AF29: 12П | AI29: 2 | AJ29: 09:00 | AK29: 0.54166667 | AL29: =CONCATENATE(TEXT(AJ29,"ЧЧ:ММ")," ","-"," ",TEXT(AK29,"ЧЧ:ММ")) -> 09:00 - 13:00 | AM29: 2 | AN29: =IF(AP29>1000,(AP29*320),300000) -> 300000 | AO29: TRUE | AP29: =H29*20+I29*20 -> 486.2 | AQ29: =IF(AP29>520,ROUNDUP(((H29*20)/560+(I29*20)/550),0),IF(SUM(H29:I29)=0,0,IF(AP29<255,1,ROUND(((H29*20)/520+(I29*20)/450),0)))) -> 1 | AR29: delivery | AW29: =IF(TIMEVALUE(M29)<TIMEVALUE(AJ29),AJ29,M29) -> 09:00 | AY29: 1 | BA29: =F29 -> СМОЛЬНАЯ-44 | BB29: =AP29*3.5+10*60 -> 2301.7 | BE29: 46.968333 | BF29: -0.23333333 | BL29: СМОЛЬНАЯ-44 Т/ЗАЛ
C30: 159 | D30: 884 | E30: 4884 | F30: ИЛЬМЕНСКИЙ-ПР-Д-14К6 | G30: АМ | H30: 9.76 | I30: 5.65 | K30: АВС06_1 | M30: 10:03:40 | N30: 1 | O30: 2 | P30: Москва | Q30: Ильменский пр-д, д.14 к.6 | R30: Петросян Ерванд Айказович | S30: 50ОУ637069 | T30: 89259050666 | U30: ФОРД | V30: К182АМ977 | W30: 9947787533 | X30: Грузовой фургон | Y30: 3Т | Z30: авс | AA30: 8 | AB30: F159 | AC30: Москва, Ильменский пр-д, д.14 к.6 | AF30: 8П | AI30: 2 | AJ30: 08:30 | AK30: 0.45833333 | AL30: =CONCATENATE(TEXT(AJ30,"ЧЧ:ММ")," ","-"," ",TEXT(AK30,"ЧЧ:ММ")) -> 08:30 - 11:00 | AM30: 2 | AN30: =IF(AP30>1000,(AP30*320),300000) -> 300000 | AO30: TRUE | AP30: =H30*20+I30*20 -> 308.2 | AQ30: =IF(AP30>520,ROUNDUP(((H30*20)/560+(I30*20)/550),0),IF(SUM(H30:I30)=0,0,IF(AP30<255,1,ROUND(((H30*20)/520+(I30*20)/450),0)))) -> 1 | AR30: delivery | AW30: =IF(TIMEVALUE(M30)<TIMEVALUE(AJ30),AJ30,M30) -> 10:03:40 | AY30: 1 | BA30: =F30 -> ИЛЬМЕНСКИЙ-ПР-Д-14К6 | BB30: =AP30*3.5+10*60 -> 1678.7 | BE30: 0.185 | BF30: -6.9383333 | BI30: 10.673333 | BK30: -4.89 | BL30: ИЛЬМЕНСКИЙ_ПР_Д-14 Т/ЗАЛ
C31: 160 | D31: 923 | E31: 4923 | F31: ДЕГУНИНСКАЯ-3К2 | G31: АМ | H31: 24.49 | I31: 7.55 | K31: АВС06_1 | M31: 10:33:30 | N31: 1 | O31: 3 | P31: Москва | Q31: Дегунинская ул. 3 к 2 | R31: Петросян Ерванд Айказович | S31: 50ОУ637069 | T31: 89259050666 | U31: ФОРД | V31: К182АМ977 | W31: 9947787533 | X31: Грузовой фургон | Y31: 3Т | Z31: авс | AA31: 8 | AB31: F160 | AC31: Москва, Дегунинская ул. 3 к 2 | AF31: 12П | AI31: 2 | AJ31: 09:30 | AK31: =IF(AP31>2000,"15:00",IF(AP31<1000,"16:30","16:00")) -> 16:30 | AL31: =CONCATENATE(TEXT(AJ31,"ЧЧ:ММ")," ","-"," ",TEXT(AK31,"ЧЧ:ММ")) -> 09:30 - 16:30 | AM31: 2 | AN31: =IF(AP31>1000,(AP31*320),300000) -> 300000 | AO31: TRUE | AP31: =H31*20+I31*20 -> 640.8 | AQ31: =IF(AP31>520,ROUNDUP(((H31*20)/560+(I31*20)/550),0),IF(SUM(H31:I31)=0,0,IF(AP31<255,1,ROUND(((H31*20)/520+(I31*20)/450),0)))) -> 2 | AR31: delivery | AW31: =IF(TIMEVALUE(M31)<TIMEVALUE(AJ31),AJ31,M31) -> 10:33:30 | AY31: 2 | BA31: =F31 -> ДЕГУНИНСКАЯ-3К2 | BB31: =AP31*3.5+10*60 -> 2842.8 | BE31: -24.343333 | BG31: -18.851667 | BL31: ДЕГУНИНСКАЯ-32 Т/ЗАЛ
C32: 157 | D32: 7012 | E32: 4012 | F32: КОВИНСКОЕ-Ш-1К1 | G32: АМ | H32: 5.94 | I32: 1.77 | K32: АВС06_1 | M32: 11:26:37 | N32: 1 | O32: 4 | P32: Москва | Q32: Коровинское ш, д.1, кор.1 | R32: Петросян Ерванд Айказович | S32: 50ОУ637069 | T32: 89259050666 | U32: ФОРД | V32: К182АМ977 | W32: 9947787533 | X32: Грузовой фургон | Y32: 3Т | Z32: авс | AA32: 8 | AB32: F157 | AC32: Москва, Коровинское ш, д.1, кор.1 | AF32: 12П | AI32: 2 | AJ32: 09:30 | AK32: 0.75 | AL32: =CONCATENATE(TEXT(AJ32,"ЧЧ:ММ")," ","-"," ",TEXT(AK32,"ЧЧ:ММ")) -> 09:30 - 18:00 | AM32: 2 | AN32: =IF(AP32>1000,(AP32*320),300000) -> 300000 | AO32: TRUE | AP32: =H32*20+I32*20 -> 154.2 | AQ32: =IF(AP32>520,ROUNDUP(((H32*20)/560+(I32*20)/550),0),IF(SUM(H32:I32)=0,0,IF(AP32<255,1,ROUND(((H32*20)/520+(I32*20)/450),0)))) -> 1 | AR32: delivery | AW32: =IF(TIMEVALUE(M32)<TIMEVALUE(AJ32),AJ32,M32) -> 11:26:37 | AY32: 3 | BA32: =F32 -> КОВИНСКОЕ-Ш-1К1 | BB32: =AP32*3.5+10*60 -> 1139.7 | BL32: КОРОВИНСКОЕ_Ш-1 Т/ЗАЛ
C33: 154 | D33: 880 | E33: 4880 | F33: ДМИТРОВСКОЕ-Ш-107аК5 | G33: АМ | H33: 7.22 | I33: 3.38 | K33: АВС06_1 | M33: 11:57:08 | N33: 1 | O33: 5 | P33: Москва | Q33: Дмитровское ш.,д.107А к.5 | R33: Петросян Ерванд Айказович | S33: 50ОУ637069 | T33: 89259050666 | U33: ФОРД | V33: К182АМ977 | W33: 9947787533 | X33: Грузовой фургон | Y33: 3Т | Z33: авс | AA33: 8 | AB33: F154 | AC33: Москва, Дмитровское ш.,д.107А к.5 | AF33: 8П | AI33: 2 | AJ33: 09:30 | AK33: 0.5 | AL33: =CONCATENATE(TEXT(AJ33,"ЧЧ:ММ")," ","-"," ",TEXT(AK33,"ЧЧ:ММ")) -> 09:30 - 12:00 | AM33: 2 | AN33: =IF(AP33>1000,(AP33*320),300000) -> 300000 | AO33: TRUE | AP33: =H33*20+I33*20 -> 212 | AQ33: =IF(AP33>520,ROUNDUP(((H33*20)/560+(I33*20)/550),0),IF(SUM(H33:I33)=0,0,IF(AP33<255,1,ROUND(((H33*20)/520+(I33*20)/450),0)))) -> 1 | AR33: delivery | AW33: =IF(TIMEVALUE(M33)<TIMEVALUE(AJ33),AJ33,M33) -> 11:57:08 | AY33: 2 | BA33: =F33 -> ДМИТРОВСКОЕ-Ш-107аК5 | BB33: =AP33*3.5+10*60 -> 1342 | BF33: 10.966667 | BI33: -9.9716667 | BK33: 8.095 | BL33: ДМИТРОВСКОЕ_Ш-107А Т/ЗАЛ
C34: 308 | D34: 862 | E34: 4862 | F34: ДОЛГОПРУДНАЯ-АЛЛЕЯ-14/2 | G34: АМР | H34: 41.35 | I34: 12.08 | K34: АВС06_1 | M34: 12:41:19 | N34: 1 | O34: 6 | P34: Москва | Q34: Долгопрудная аллея, 14/2 | R34: Петросян Ерванд Айказович | S34: 50ОУ637069 | T34: 89259050666 | U34: ФОРД | V34: К182АМ977 | W34: 9947787533 | X34: Грузовой фургон | Y34: 3Т | Z34: авс | AA34: 8 | AB34: F308 | AC34: Москва, Долгопрудная аллея, 14/2 | AF34: 8П | AI34: 2 | AJ34: =IF((WEEKDAY(TODAY(),2))=6,"10:00","09:00") -> 09:00 | AK34: 0.75 | AL34: =CONCATENATE(TEXT(AJ34,"ЧЧ:ММ")," ","-"," ",TEXT(AK34,"ЧЧ:ММ")) -> 09:00 - 18:00 | AM34: 2 | AN34: =IF(AP34>1000,(AP34*320),300000) -> 341952 | AO34: TRUE | AP34: =H34*20+I34*20 -> 1068.6 | AQ34: =IF(AP34>520,ROUNDUP(((H34*20)/560+(I34*20)/550),0),IF(SUM(H34:I34)=0,0,IF(AP34<255,1,ROUND(((H34*20)/520+(I34*20)/450),0)))) -> 2 | AR34: delivery | AW34: =IF(TIMEVALUE(M34)<TIMEVALUE(AJ34),AJ34,M34) -> 12:41:19 | AY34: 3 | BA34: =F34 -> ДОЛГОПРУДНАЯ-АЛЛЕЯ-14/2 | BB34: =AP34*3.5+10*60 -> 4340.1 | BF34: -0.76166667 | BI34: -14.238333 | BL34: Долгопрудная_Аллея-14 т/зал
C35: 288 | D35: 7090 | E35: 4090 | F35: ЕНИСЕЙСКАЯ-17К1 | G35: АМ | H35: 21.82 | I35: 9.94 | J35: 04:30 | K35: АВС07_1 | M35: 09:00 | N35: 1 | O35: 1 | P35: Москва | Q35: Енисейская ул., д.17, кор. 1 | R35: Зограбян Карен Маисович | S35: 3228503509 | T35: 89263455020 | U35: ФОРД | V35: В343АА977 | W35: 9943536090 | X35: Грузовой фургон | Y35: 3Т | Z35: авс | AA35: 8 | AB35: F288 | AC35: Москва, Енисейская ул., д.17, кор. 1 | AF35: 12П | AI35: 1 | AJ35: 09:00 | AK35: 0.4375 | AL35: =CONCATENATE(TEXT(AJ35,"ЧЧ:ММ")," ","-"," ",TEXT(AK35,"ЧЧ:ММ")) -> 09:00 - 10:30 | AM35: 2 | AN35: =IF(AP35>1000,(AP35*320),300000) -> 300000 | AO35: TRUE | AP35: =H35*20+I35*20 -> 635.2 | AQ35: =IF(AP35>520,ROUNDUP(((H35*20)/560+(I35*20)/550),0),IF(SUM(H35:I35)=0,0,IF(AP35<255,1,ROUND(((H35*20)/520+(I35*20)/450),0)))) -> 2 | AR35: delivery | AW35: =IF(TIMEVALUE(M35)<TIMEVALUE(AJ35),AJ35,M35) -> 09:00 | AY35: 1 | BA35: =F35 -> ЕНИСЕЙСКАЯ-17К1 | BB35: =AP35*2.8+10*60 -> 2378.56 | BE35: -0.77466667 | BF35: -10.438 | BI35: -0.33133333 | BL35: ЕНИСЕЙСКАЯ-17/1 Т/ЗАЛ
C36: 294 | D36: 744 | E36: 4744 | F36: ГРЕКОВА-22 | G36: АМ | H36: 12.89 | I36: 5.13 | K36: АВС07_1 | M36: 09:54:28 | N36: 1 | O36: 2 | P36: Москва | Q36: Грекова ул., д.22 | R36: Зограбян Карен Маисович | S36: 3228503509 | T36: 89263455020 | U36: ФОРД | V36: В343АА977 | W36: 9943536090 | X36: Грузовой фургон | Y36: 3Т | Z36: авс | AA36: 8 | AB36: F294 | AC36: Москва, Грекова ул., д.22 | AF36: 14П | AI36: 2 | AJ36: 09:00 | AK36: 0.54166667 | AL36: =CONCATENATE(TEXT(AJ36,"ЧЧ:ММ")," ","-"," ",TEXT(AK36,"ЧЧ:ММ")) -> 09:00 - 13:00 | AM36: 2 | AN36: =IF(AP36>1000,(AP36*320),300000) -> 300000 | AO36: TRUE | AP36: =H36*20+I36*20 -> 360.4 | AQ36: =IF(AP36>520,ROUNDUP(((H36*20)/560+(I36*20)/550),0),IF(SUM(H36:I36)=0,0,IF(AP36<255,1,ROUND(((H36*20)/520+(I36*20)/450),0)))) -> 1 | AR36: delivery | AW36: =IF(TIMEVALUE(M36)<TIMEVALUE(AJ36),AJ36,M36) -> 09:54:28 | AY36: 1 | BA36: =F36 -> ГРЕКОВА-22 | BB36: =AP36*3+10*60 -> 1681.2 | BE36: -26.696667 | BI36: 18.09 | BK36: -1.7933333 | BL36: ГРЕКОВА-22 Т/ЗАЛ
C37: 338 | D37: 25891 | E37: 4891 | F37: МЫТИЩИ-МИРА-37 | G37: АМР | H37: 19.5 | I37: 15.51 | K37: АВС07_1 | M37: 10:41:02 | N37: 1 | O37: 3 | P37: Мытищи | Q37: Мира ул., д.37 | R37: Зограбян Карен Маисович | S37: 3228503509 | T37: 89263455020 | U37: ФОРД | V37: В343АА977 | W37: 9943536090 | X37: Грузовой фургон | Y37: 3Т | Z37: авс | AA37: 8 | AB37: F338 | AC37: Мытищи, Мира ул., д.37 | AF37: 14П | AI37: 2 | AJ37: =IF((WEEKDAY(TODAY(),2))=6,"10:00","09:30") -> 09:30 | AK37: 0.5 | AL37: =CONCATENATE(TEXT(AJ37,"ЧЧ:ММ")," ","-"," ",TEXT(AK37,"ЧЧ:ММ")) -> 09:30 - 12:00 | AM37: 2 | AN37: =IF(AP37>1000,(AP37*320),300000) -> 300000 | AO37: TRUE | AP37: =H37*20+I37*20 -> 700.2 | AQ37: =IF(AP37>520,ROUNDUP(((H37*20)/560+(I37*20)/550),0),IF(SUM(H37:I37)=0,0,IF(AP37<255,1,ROUND(((H37*20)/520+(I37*20)/450),0)))) -> 2 | AR37: delivery | AW37: =IF(TIMEVALUE(M37)<TIMEVALUE(AJ37),AJ37,M37) -> 10:41:02 | AY37: 3 | BA37: =F37 -> МЫТИЩИ-МИРА-37 | BB37: =AP37*3.4+10*60 -> 2980.68 | BG37: -15.327333 | BL37: Мытищи_Мира-37
C38: 339 | D38: 25998 | E38: 4998 | F38: МЫТИЩИ-ЛЕТНАЯ-21/2 | G38: АМР | H38: 16.19 | I38: 9 | K38: АВС07_1 | L38: 2 | M38: 11:43:09 | N38: 1 | O38: 4 | P38: Мытищи | Q38: Летная ул., д.21/2 | R38: Зограбян Карен Маисович | S38: 3228503509 | T38: 89263455020 | U38: ФОРД | V38: В343АА977 | W38: 9943536090 | X38: Грузовой фургон | Y38: 3Т | Z38: авс | AA38: 8 | AB38: F339 | AC38: Мытищи, Летная ул., д.21/2 | AF38: 12П,2Г | AI38: 2 | AJ38: =IF((WEEKDAY(TODAY(),2))=6,"10:00","09:30") -> 09:30 | AK38: 0.58333333 | AL38: =CONCATENATE(TEXT(AJ38,"ЧЧ:ММ")," ","-"," ",TEXT(AK38,"ЧЧ:ММ")) -> 09:30 - 14:00 | AM38: 2 | AN38: =IF(AP38>1000,(AP38*320),300000) -> 300000 | AO38: TRUE | AP38: =H38*20+I38*20 -> 503.8 | AQ38: =IF(AP38>520,ROUNDUP(((H38*20)/560+(I38*20)/550),0),IF(SUM(H38:I38)=0,0,IF(AP38<255,1,ROUND(((H38*20)/520+(I38*20)/450),0)))) -> 1 | AR38: delivery | AW38: =IF(TIMEVALUE(M38)<TIMEVALUE(AJ38),AJ38,M38) -> 11:43:09 | AY38: 3 | BA38: =F38 -> МЫТИЩИ-ЛЕТНАЯ-21/2 | BB38: =AP38*3.5+10*60 -> 2363.3 | BH38: -13.908333 | BJ38: 46.458333 | BL38: Мытищи_Летная-21
C39: 340 | D39: 25992 | E39: 4992 | F39: МЫТИЩИ-ЮБИЛЕЙНАЯ-10 | G39: АМР | H39: 24.38 | I39: 12.63 | K39: АВС07_1 | M39: 12:33:12 | N39: 1 | O39: 5 | P39: Мытищи | Q39: Юбилейная ул., д.10 | R39: Зограбян Карен Маисович | S39: 3228503509 | T39: 89263455020 | U39: ФОРД | V39: В343АА977 | W39: 9943536090 | X39: Грузовой фургон | Y39: 3Т | Z39: авс | AA39: 8 | AB39: F340 | AC39: Мытищи, Юбилейная ул., д.10 | AF39: 12П | AI39: 2 | AJ39: =IF((WEEKDAY(TODAY(),2))=6,"10:00","09:30") -> 09:30 | AK39: =IF(AP39>2000,"15:00",IF(AP39<1000,"16:30","16:00")) -> 16:30 | AL39: =CONCATENATE(TEXT(AJ39,"ЧЧ:ММ")," ","-"," ",TEXT(AK39,"ЧЧ:ММ")) -> 09:30 - 16:30 | AM39: 2 | AN39: =IF(AP39>1000,(AP39*320),300000) -> 300000 | AO39: TRUE | AP39: =H39*20+I39*20 -> 740.2 | AQ39: =IF(AP39>520,ROUNDUP(((H39*20)/560+(I39*20)/550),0),IF(SUM(H39:I39)=0,0,IF(AP39<255,1,ROUND(((H39*20)/520+(I39*20)/450),0)))) -> 2 | AR39: delivery | AW39: =IF(TIMEVALUE(M39)<TIMEVALUE(AJ39),AJ39,M39) -> 12:33:12 | AY39: 2 | BA39: =F39 -> МЫТИЩИ-ЮБИЛЕЙНАЯ-10 | BB39: =AP39*3.5+10*60 -> 3190.7 | BH39: 27.325 | BL39: Мытищи_Юбилейная-10
C40: 200 | D40: 687 | E40: 7687 | F40: МАРШ-РЫБАЛКО-3 | G40: АМ | H40: 23.94 | I40: 5.12 | J40: 04:30 | K40: АВС08_1 | M40: 09:30 | N40: 1 | O40: 1 | P40: Москва | Q40: ул.Маршала Рыбалко. 3 | R40: Худченко Сергей Анатольевич | S40: 9909585204 | T40: 89206969333 | U40: ФОРД | V40: Т708ВК799 | W40: 9941098916 | X40: Грузовой фургон | Y40: 3Т | Z40: авс | AA40: 8 | AB40: F200 | AC40: Москва, РЫБАЛКО МАРШАЛА УЛ. 3 | AF40: 12П | AI40: 2 | AJ40: 09:30 | AK40: 0.54166667 | AL40: =CONCATENATE(TEXT(AJ40,"ЧЧ:ММ")," ","-"," ",TEXT(AK40,"ЧЧ:ММ")) -> 09:30 - 13:00 | AM40: 1 | AN40: =IF(AP40>1000,(AP40*320),300000) -> 300000 | AO40: TRUE | AP40: =H40*20+I40*20 -> 581.2 | AQ40: =IF(AP40>520,ROUNDUP(((H40*20)/560+(I40*20)/550),0),IF(SUM(H40:I40)=0,0,IF(AP40<255,1,ROUND(((H40*20)/520+(I40*20)/450),0)))) -> 2 | AR40: delivery | AW40: =IF(TIMEVALUE(M40)<TIMEVALUE(AJ40),AJ40,M40) -> 09:30 | AY40: 1 | BA40: =F40 -> МАРШ-РЫБАЛКО-3 | BB40: =AP40*3+10*60 -> 2343.6 | BG40: 53.99 | BH40: -23.326667 | BL40: МАРШАЛА РЫБАЛКО-3 Т/ЗАЛ
C41: 197 | D41: 79 | E41: 7079 | F41: КОСМОДЕМЬЯНСКИХ-ЗИА-35/1 | G41: АМ | H41: 36.07 | I41: 9.87 | K41: АВС08_1 | M41: 10:19:25 | N41: 1 | O41: 2 | P41: Москва | Q41: ул. Космодемьянских ЗиА, д.35/1 | R41: Худченко Сергей Анатольевич | S41: 9909585204 | T41: 89206969333 | U41: ФОРД | V41: Т708ВК799 | W41: 9941098916 | X41: Грузовой фургон | Y41: 3Т | Z41: авс | AA41: 8 | AB41: F197 | AC41: Москва, ул. Космодемьянских ЗиА, д.35/1 | AF41: 14П | AI41: 2 | AJ41: 09:30 | AK41: 0.54166667 | AL41: =CONCATENATE(TEXT(AJ41,"ЧЧ:ММ")," ","-"," ",TEXT(AK41,"ЧЧ:ММ")) -> 09:30 - 13:00 | AM41: 2 | AN41: =IF(AP41>1000,(AP41*320),300000) -> 300000 | AO41: TRUE | AP41: =H41*20+I41*20 -> 918.8 | AQ41: =IF(AP41>520,ROUNDUP(((H41*20)/560+(I41*20)/550),0),IF(SUM(H41:I41)=0,0,IF(AP41<255,1,ROUND(((H41*20)/520+(I41*20)/450),0)))) -> 2 | AR41: delivery | AW41: =IF(TIMEVALUE(M41)<TIMEVALUE(AJ41),AJ41,M41) -> 10:19:25 | AY41: 1 | BA41: =F41 -> КОСМОДЕМЬЯНСКИХ-ЗИА-35/1 | BB41: =AP41*3.5+10*60 -> 3815.8 | BE41: -22.076667 | BF41: -0.405 | BL41: КОСМОДЕМЬЯНСКИХ ЗиА Т/ЗАЛ
C42: 184 | D42: 882 | E42: 4882 | F42: КРОНШТАДСКИЙ-Б-Р-47 | G42: АМ | H42: 11.4 | I42: 3.24 | K42: АВС08_1 | M42: 11:37:03 | N42: 1 | O42: 3 | P42: Москва | Q42: Кронштадский б-р, 47 | R42: Худченко Сергей Анатольевич | S42: 9909585204 | T42: 89206969333 | U42: ФОРД | V42: Т708ВК799 | W42: 9941098916 | X42: Грузовой фургон | Y42: 3Т | Z42: авс | AA42: 8 | AB42: F184 | AC42: Москва, Кронштадский б-р, 47 | AF42: 14П | AI42: 2 | AJ42: 09:00 | AK42: 0.54166667 | AL42: =CONCATENATE(TEXT(AJ42,"ЧЧ:ММ")," ","-"," ",TEXT(AK42,"ЧЧ:ММ")) -> 09:00 - 13:00 | AM42: 2 | AN42: =IF(AP42>1000,(AP42*320),300000) -> 300000 | AO42: TRUE | AP42: =H42*20+I42*20 -> 292.8 | AQ42: =IF(AP42>520,ROUNDUP(((H42*20)/560+(I42*20)/550),0),IF(SUM(H42:I42)=0,0,IF(AP42<255,1,ROUND(((H42*20)/520+(I42*20)/450),0)))) -> 1 | AR42: delivery | AW42: =IF(TIMEVALUE(M42)<TIMEVALUE(AJ42),AJ42,M42) -> 11:37:03 | AY42: 1 | BA42: =F42 -> КРОНШТАДСКИЙ-Б-Р-47 | BB42: =AP42*2.8+10*60 -> 1419.84 | BE42: -24.727333 | BF42: -7.458 | BL42: КРОНШТАДТСКИЙ-47 Т/ЗАЛ
C43: 185 | D43: 769 | E43: 4769 | F43: ФЕСТИВАЛЬНАЯ-41К1 | G43: АМ | H43: 25.76 | I43: 15.71 | K43: АВС08_1 | M43: 12:09:42 | N43: 1 | O43: 4 | P43: Москва | Q43: Фестивальная ул. 41 корп.№ 1 | R43: Худченко Сергей Анатольевич | S43: 9909585204 | T43: 89206969333 | U43: ФОРД | V43: Т708ВК799 | W43: 9941098916 | X43: Грузовой фургон | Y43: 3Т | Z43: авс | AA43: 8 | AB43: F185 | AC43: Москва, Фестивальная ул., д.41к1 | AD43: 55.85826 | AE43: 37.483798 | AF43: 12П | AI43: 2 | AJ43: 09:00 | AK43: 0.54166667 | AL43: =CONCATENATE(TEXT(AJ43,"ЧЧ:ММ")," ","-"," ",TEXT(AK43,"ЧЧ:ММ")) -> 09:00 - 13:00 | AM43: 2 | AN43: =IF(AP43>1000,(AP43*320),300000) -> 300000 | AO43: TRUE | AP43: =H43*20+I43*20 -> 829.4 | AQ43: =IF(AP43>520,ROUNDUP(((H43*20)/560+(I43*20)/550),0),IF(SUM(H43:I43)=0,0,IF(AP43<255,1,ROUND(((H43*20)/520+(I43*20)/450),0)))) -> 2 | AR43: delivery | AW43: =IF(TIMEVALUE(M43)<TIMEVALUE(AJ43),AJ43,M43) -> 12:09:42 | AY43: 1 | BA43: =F43 -> ФЕСТИВАЛЬНАЯ-41К1 | BB43: =AP43*3.2+10*60 -> 3254.08 | BE43: -24.173333 | BF43: -24.191667 | BH43: -1.588 | BJ43: -29.811333 | BL43: ФЕСТИВАЛЬНАЯ-41 Т/ЗАЛ
C44: 179 | D44: 963 | E44: 4963 | F44: БЕЛОМОРСКАЯ-23 | G44: АМ | H44: 8.51 | I44: 1.41 | K44: АВС08_1 | M44: 13:10:06 | N44: 1 | O44: 5 | P44: Москва | Q44: Беломорская ул, д.23 | R44: Худченко Сергей Анатольевич | S44: 9909585204 | T44: 89206969333 | U44: ФОРД | V44: Т708ВК799 | W44: 9941098916 | X44: Грузовой фургон | Y44: 3Т | Z44: авс | AA44: 8 | AB44: F179 | AC44: Москва, Беломорская ул, д.23 | AD44: 55.867223 | AE44: 37.482592 | AF44: 8П | AI44: 2 | AJ44: 09:00 | AK44: =IF(AP44>2000,"15:00",IF(AP44<1000,"16:30","16:00")) -> 16:30 | AL44: =CONCATENATE(TEXT(AJ44,"ЧЧ:ММ")," ","-"," ",TEXT(AK44,"ЧЧ:ММ")) -> 09:00 - 16:30 | AM44: 2 | AN44: =IF(AP44>1000,(AP44*320),300000) -> 300000 | AO44: TRUE | AP44: =H44*20+I44*20 -> 198.4 | AQ44: =IF(AP44>520,ROUNDUP(((H44*20)/560+(I44*20)/550),0),IF(SUM(H44:I44)=0,0,IF(AP44<255,1,ROUND(((H44*20)/520+(I44*20)/450),0)))) -> 1 | AR44: delivery | AW44: =IF(TIMEVALUE(M44)<TIMEVALUE(AJ44),AJ44,M44) -> 13:10:06 | AY44: 2 | BA44: =F44 -> БЕЛОМОРСКАЯ-23 | BB44: =AP44*3.5+10*60 -> 1294.4 | BF44: -3.3783333 | BI44: 30.606667 | BL44: БЕЛОМОРСКАЯ-23 Т/ЗАЛ
C45: 585 | D45: 623 | E45: 7623 | F45: НЕГЛИННАЯ-16/2С4 | G45: АМ | H45: 15.15 | I45: 4.26 | J45: 05:52:03 | K45: АВС1500_1 | M45: 09:30 | N45: 1 | O45: 1 | P45: Москва | Q45: Неглинная ул., д.16/2, стр.4 | R45: Урупин Георигий Леонидович | S45: 6АА153580 | T45: 89684435243 | U45: ФОРД | V45: Н145НВ799 | W45: 9938463366 | X45: Грузовой фургон | Y45: 3Т | Z45: авс | AA45: 8 | AB45: F585 | AC45: Москва, Неглинная ул., д.16/2, стр.4 | AF45: 8П | AG45: CTR | AH45: 100 | AI45: 2 | AJ45: 09:30 | AK45: 0.5 | AL45: =CONCATENATE(TEXT(AJ45,"ЧЧ:ММ")," ","-"," ",TEXT(AK45,"ЧЧ:ММ")) -> 09:30 - 12:00 | AN45: =IF(AP45>1000,(AP45*320),300000) -> 300000 | AO45: TRUE | AP45: =H45*20+I45*20 -> 388.2 | AQ45: =IF(AP45>520,ROUNDUP(((H45*20)/560+(I45*20)/550),0),IF(SUM(H45:I45)=0,0,IF(AP45<255,1,ROUND(((H45*20)/520+(I45*20)/450),0)))) -> 1 | AR45: delivery | AW45: =IF(TIMEVALUE(M45)<TIMEVALUE(AJ45),AJ45,M45) -> 09:30 | AY45: 1 | BA45: =F45 -> НЕГЛИННАЯ-16/2С4 | BB45: =AP45*4.5+10*60 -> 2346.9 | BF45: 37.159333 | BK45: 46.276667 | BL45: НЕГЛИННАЯ-16/2 Т/ЗАЛ
C46: 588 | D46: 23 | E46: 7023 | F46: ПОКРОВКА-29С1 | G46: АМ | H46: 22.13 | I46: 10.13 | K46: АВС1500_1 | M46: 10:19:08 | N46: 1 | O46: 2 | P46: Москва | Q46: Покровка ул., д.29, стр.1 | R46: Урупин Георигий Леонидович | S46: 6АА153580 | T46: 89684435243 | U46: ФОРД | V46: Н145НВ799 | W46: 9938463366 | X46: Грузовой фургон | Y46: 3Т | Z46: авс | AA46: 8 | AB46: F588 | AC46: Москва, Покровка ул., д.29, стр.1 | AD46: 55.760243 | AE46: 37.648948 | AF46: ПОКРОВКА | AG46: CTR | AH46: 100 | AI46: 2 | AJ46: 09:30 | AK46: 0.5 | AL46: =CONCATENATE(TEXT(AJ46,"ЧЧ:ММ")," ","-"," ",TEXT(AK46,"ЧЧ:ММ")) -> 09:30 - 12:00 | AN46: 50000000 | AO46: TRUE | AP46: =H46*20+I46*20 -> 645.2 | AQ46: =IF(AP46>520,ROUNDUP(((H46*20)/560+(I46*20)/550),0),IF(SUM(H46:I46)=0,0,IF(AP46<255,1,ROUND(((H46*20)/520+(I46*20)/450),0)))) -> 2 | AR46: delivery | AW46: =IF(TIMEVALUE(M46)<TIMEVALUE(AJ46),AJ46,M46) -> 10:19:08 | AY46: 1 | BA46: =F46 -> ПОКРОВКА-29С1 | BB46: =AP46*4.1+10*60 -> 3245.32 | BL46: ПОКРОВКА Т/ЗАЛ
C47: 188 | D47: 7230 | E47: 4230 | F47: ЛЕНИНГРАДСКОЕ-Ш-58С26 | G47: АМ | H47: 33.74 | I47: 17.62 | J47: 06:00 | K47: АЛМА501-10_1 | M47: 09:00 | N47: 1 | O47: 1 | P47: Москва | Q47: Ленинградское ш., д.58, стр.26 | R47: Алиев Васиф Вагиф Оглы | S47: 9935 718511 | T47: 8 939 820-09-76 | U47: Исузу | V47: Х447АА550 | W47: 9962900074 | X47: РЕФ с ГБ | Y47: 5 | Z47: ТК АЛМА | AA47: 12 | AB47: F188 | AC47: Москва, Ленинградское ш., д.58, стр.26 | AF47: 12П | AI47: 2 | AJ47: 09:00 | AK47: 0.75 | AL47: =CONCATENATE(TEXT(AJ47,"ЧЧ:ММ")," ","-"," ",TEXT(AK47,"ЧЧ:ММ")) -> 09:00 - 18:00 | AM47: 2 | AN47: =IF(AP47>1000,(AP47*320),300000) -> 328704 | AO47: TRUE | AP47: =H47*20+I47*20 -> 1027.2 | AQ47: =IF(AP47>520,ROUNDUP(((H47*20)/560+(I47*20)/550),0),IF(SUM(H47:I47)=0,0,IF(AP47<255,1,ROUND(((H47*20)/520+(I47*20)/450),0)))) -> 2 | AR47: delivery | AW47: =IF(TIMEVALUE(M47)<TIMEVALUE(AJ47),AJ47,M47) -> 09:00 | AY47: 3 | BA47: =F47 -> ЛЕНИНГРАДСКОЕ-Ш-58С26 | BB47: =AP47*3.5+10*60 -> 4195.2 | BL47: ЛЕНИНГРАДСКОЕ_Ш-58 Т/ЗАЛ
C48: 346 | D48: 25971 | E48: 4971 | F48: МЫТИЩИ-ОСТАШКОВСКОЕ-Ш-22К2 | G48: АМР | H48: 37.91 | I48: 7.96 | K48: АЛМА501-10_1 | M48: 10:44:34 | N48: 1 | O48: 2 | P48: Мытищи | Q48: Осташковское шоссе, д.22, корп.2 | R48: Алиев Васиф Вагиф Оглы | S48: 9935 718511 | T48: 8 939 820-09-76 | U48: Исузу | V48: Х447АА550 | W48: 9962900074 | X48: РЕФ с ГБ | Y48: 5 | Z48: ТК АЛМА | AA48: 12 | AB48: F346 | AC48: Мытищи, Осташковское шоссе, д.22, корп.2 | AF48: 12П | AI48: 2 | AJ48: =IF((WEEKDAY(TODAY(),2))=6,"10:00","09:30") -> 09:30 | AK48: 0.54166667 | AL48: =CONCATENATE(TEXT(AJ48,"ЧЧ:ММ")," ","-"," ",TEXT(AK48,"ЧЧ:ММ")) -> 09:30 - 13:00 | AM48: 2 | AN48: =IF(AP48>1000,(AP48*320),300000) -> 300000 | AO48: TRUE | AP48: =H48*20+I48*20 -> 917.4 | AQ48: =IF(AP48>520,ROUNDUP(((H48*20)/560+(I48*20)/550),0),IF(SUM(H48:I48)=0,0,IF(AP48<255,1,ROUND(((H48*20)/520+(I48*20)/450),0)))) -> 2 | AR48: delivery | AW48: =IF(TIMEVALUE(M48)<TIMEVALUE(AJ48),AJ48,M48) -> 10:44:34 | AY48: 1 | BA48: =F48 -> МЫТИЩИ-ОСТАШКОВСКОЕ-Ш-22К2 | BB48: =AP48*3.5+10*60 -> 3810.9 | BL48: Мытищи_Осташковское_ш-22
C49: 315 | D49: 50972 | E49: 4972 | F49: ШОЛОХОВО-ЮНОСТИ-1 | G49: АМР | H49: 120.86 | I49: 25.8 | K49: АЛМА501-10_1 | M49: 12:32:22 | N49: 1 | O49: 3 | P49: г.о.Мытищи | Q49: д. Шолохово, ул. Юности, д. 1 | R49: Алиев Васиф Вагиф Оглы | S49: 9935 718511 | T49: 8 939 820-09-76 | U49: Исузу | V49: Х447АА550 | W49: 9962900074 | X49: РЕФ с ГБ | Y49: 5 | Z49: ТК АЛМА | AA49: 12 | AB49: F315 | AC49: г.о.Мытищи, д. Шолохово, ул. Юности, д. 1 | AF49: 12П | AI49: 2 | AJ49: =IF((WEEKDAY(TODAY(),2))=6,"10:00","09:30") -> 09:30 | AK49: 0.54166667 | AL49: =CONCATENATE(TEXT(AJ49,"ЧЧ:ММ")," ","-"," ",TEXT(AK49,"ЧЧ:ММ")) -> 09:30 - 13:00 | AM49: 2 | AN49: =IF(AP49>1000,(AP49*320),300000) -> 938624 | AO49: TRUE | AP49: =H49*20+I49*20 -> 2933.2 | AQ49: =IF(AP49>520,ROUNDUP(((H49*20)/560+(I49*20)/550),0),IF(SUM(H49:I49)=0,0,IF(AP49<255,1,ROUND(((H49*20)/520+(I49*20)/450),0)))) -> 6 | AR49: delivery | AW49: =IF(TIMEVALUE(M49)<TIMEVALUE(AJ49),AJ49,M49) -> 12:32:22 | AY49: 1 | BA49: =F49 -> ШОЛОХОВО-ЮНОСТИ-1 | BB49: =AP49*3+10*60 -> 9399.6 | BI49: -25.55 | BL49: Шолохово_Юности-1
C50: 111 | D50: 7047 | E50: 4047 | F50: КАХОВКА-25 | G50: АМ | H50: 40.14 | I50: 6.82 | J50: 06:00 | K50: АЛМА502-12_1 | M50: 09:07:29 | N50: 1 | O50: 1 | P50: Москва | Q50: Каховка ул, д.25 | R50: Жуманалиев Азамат Калыбекович | S50: 000699754 | T50: 8 995 120-04-08 | U50: JAC | V50: Е892СР797 | W50: 9972 890393 | X50: РЕФ с ГБ | Y50: 5 | Z50: ТК АЛМА | AA50: 12 | AB50: F111 | AC50: Москва, Каховка ул, д.25 | AF50: 12П | AI50: 2 | AJ50: 09:00 | AK50: 0.54166667 | AL50: =CONCATENATE(TEXT(AJ50,"ЧЧ:ММ")," ","-"," ",TEXT(AK50,"ЧЧ:ММ")) -> 09:00 - 13:00 | AM50: 5 | AN50: =IF(AP50>1000,(AP50*320),300000) -> 300000 | AO50: TRUE | AP50: =H50*20+I50*20 -> 939.2 | AQ50: =IF(AP50>520,ROUNDUP(((H50*20)/560+(I50*20)/550),0),IF(SUM(H50:I50)=0,0,IF(AP50<255,1,ROUND(((H50*20)/520+(I50*20)/450),0)))) -> 2 | AR50: delivery | AW50: =IF(TIMEVALUE(M50)<TIMEVALUE(AJ50),AJ50,M50) -> 09:07:29 | AY50: 1 | BA50: =F50 -> КАХОВКА-25 | BB50: =AP50*3+10*60 -> 3417.6 | BF50: -7.6033333 | BG50: -18.813333 | BH50: -4.92 | BL50: КАХОВКА-25 Т/ЗАЛ
C51: 19 | D51: 712 | E51: 4712 | F51: ПРОЛЕТАРСКИЙ-ПР-Т-27 | G51: АМ | H51: 58 | I51: 12.83 | K51: АЛМА502-12_1 | M51: 10:35:51 | N51: 1 | O51: 2 | P51: Москва | Q51: Пролетарский просп., д.27 | R51: Жуманалиев Азамат Калыбекович | S51: 000699754 | T51: 8 995 120-04-08 | U51: JAC | V51: Е892СР797 | W51: 9972 890393 | X51: РЕФ с ГБ | Y51: 5 | Z51: ТК АЛМА | AA51: 12 | AB51: F19 | AC51: Москва, Пролетарский просп., д.27 | AF51: 12П | AI51: 2 | AJ51: 09:30 | AK51: 0.54166667 | AL51: =CONCATENATE(TEXT(AJ51,"ЧЧ:ММ")," ","-"," ",TEXT(AK51,"ЧЧ:ММ")) -> 09:30 - 13:00 | AM51: 5 | AN51: =IF(AP51>1000,(AP51*320),300000) -> 453312 | AO51: TRUE | AP51: =H51*20+I51*20 -> 1416.6 | AQ51: =IF(AP51>520,ROUNDUP(((H51*20)/560+(I51*20)/550),0),IF(SUM(H51:I51)=0,0,IF(AP51<255,1,ROUND(((H51*20)/520+(I51*20)/450),0)))) -> 3 | AR51: delivery | AW51: =IF(TIMEVALUE(M51)<TIMEVALUE(AJ51),AJ51,M51) -> 10:35:51 | AY51: 1 | BA51: =F51 -> ПРОЛЕТАРСКИЙ-ПР-Т-27 | BB51: =AP51*3.4+10*60 -> 5416.44 | BL51: ПРОЛЕТАРСКИЙ_ПР_Т-27 Т/ЗАЛ
C52: 5 | D52: 11 | E52: 7011 | F52: ЛЮБЛИНСКАЯ-147 | G52: АМ | H52: 35.06 | I52: 12.33 | K52: АЛМА502-12_1 | M52: 12:28:06 | N52: 1 | O52: 3 | P52: Москва | Q52: Люблинская ул., д.147 | R52: Жуманалиев Азамат Калыбекович | S52: 000699754 | T52: 8 995 120-04-08 | U52: JAC | V52: Е892СР797 | W52: 9972 890393 | X52: РЕФ с ГБ | Y52: 5 | Z52: ТК АЛМА | AA52: 12 | AB52: F5 | AC52: Москва, Люблинская ул., д.147 | AF52: 12П | AI52: 2 | AJ52: 09:00 | AK52: 0.54166667 | AL52: =CONCATENATE(TEXT(AJ52,"ЧЧ:ММ")," ","-"," ",TEXT(AK52,"ЧЧ:ММ")) -> 09:00 - 13:00 | AM52: 4 | AN52: =IF(AP52>1000,(AP52*320),300000) -> 300000 | AO52: TRUE | AP52: =H52*20+I52*20 -> 947.8 | AQ52: =IF(AP52>520,ROUNDUP(((H52*20)/560+(I52*20)/550),0),IF(SUM(H52:I52)=0,0,IF(AP52<255,1,ROUND(((H52*20)/520+(I52*20)/450),0)))) -> 2 | AR52: delivery | AW52: =IF(TIMEVALUE(M52)<TIMEVALUE(AJ52),AJ52,M52) -> 12:28:06 | AY52: 1 | BA52: =F52 -> ЛЮБЛИНСКАЯ-147 | BB52: =AP52*3.3+10*60 -> 3727.74 | BH52: -32.333333 | BJ52: -47.352 | BL52: ЛЮБЛИНО Т/ЗАЛ
C53: 530 | D53: 30 | E53: 7030 | F53: АВИАМОТОРНАЯ-51 | G53: АМ | H53: 33.98 | I53: 5.82 | K53: АЛМА502-12_1 | M53: 13:50:48 | N53: 1 | O53: 4 | P53: Москва | Q53: ул.Авиамоторная, д.51 | R53: Жуманалиев Азамат Калыбекович | S53: 000699754 | T53: 8 995 120-04-08 | U53: JAC | V53: Е892СР797 | W53: 9972 890393 | X53: РЕФ с ГБ | Y53: 5 | Z53: ТК АЛМА | AA53: 12 | AB53: F530 | AC53: Москва, ул.Авиамоторная, д.51 | AF53: 12П | AI53: 2 | AJ53: 09:30 | AK53: =IF(AP53>2000,"15:00",IF(AP53<1000,"16:30","16:00")) -> 16:30 | AL53: =CONCATENATE(TEXT(AJ53,"ЧЧ:ММ")," ","-"," ",TEXT(AK53,"ЧЧ:ММ")) -> 09:30 - 16:30 | AM53: 3 | AN53: =IF(AP53>1000,(AP53*320),300000) -> 300000 | AO53: TRUE | AP53: =H53*20+I53*20 -> 796 | AQ53: =IF(AP53>520,ROUNDUP(((H53*20)/560+(I53*20)/550),0),IF(SUM(H53:I53)=0,0,IF(AP53<255,1,ROUND(((H53*20)/520+(I53*20)/450),0)))) -> 2 | AR53: delivery | AW53: =IF(TIMEVALUE(M53)<TIMEVALUE(AJ53),AJ53,M53) -> 13:50:48 | AY53: 2 | BA53: =F53 -> АВИАМОТОРНАЯ-51 | BB53: =AP53*3.5+10*60 -> 3386 | BH53: -49.446667 | BL53: АВИАМОТОРНАЯ Т/ЗАЛ
C54: 533 | D54: 785 | E54: 4785 | F54: БУДЕННОГО-ПР-Т-51К5 | G54: АМ | H54: 6.38 | I54: 0.61 | K54: АЛМА502-12_1 | M54: 14:56:56 | N54: 1 | O54: 5 | P54: Москва | Q54: Буденного пр-т, д. 51 к 5 | R54: Жуманалиев Азамат Калыбекович | S54: 000699754 | T54: 8 995 120-04-08 | U54: JAC | V54: Е892СР797 | W54: 9972 890393 | X54: РЕФ с ГБ | Y54: 5 | Z54: ТК АЛМА | AA54: 12 | AB54: F533 | AC54: Москва, Буденного пр-т, д. 51 к 5 | AF54: 12П | AI54: 2 | AJ54: 09:30 | AK54: =IF(AP54>2000,"15:00",IF(AP54<1000,"16:30","16:00")) -> 16:30 | AL54: =CONCATENATE(TEXT(AJ54,"ЧЧ:ММ")," ","-"," ",TEXT(AK54,"ЧЧ:ММ")) -> 09:30 - 16:30 | AM54: 3 | AN54: =IF(AP54>1000,(AP54*320),300000) -> 300000 | AO54: TRUE | AP54: =H54*20+I54*20 -> 139.8 | AQ54: =IF(AP54>520,ROUNDUP(((H54*20)/560+(I54*20)/550),0),IF(SUM(H54:I54)=0,0,IF(AP54<255,1,ROUND(((H54*20)/520+(I54*20)/450),0)))) -> 1 | AR54: delivery | AW54: =IF(TIMEVALUE(M54)<TIMEVALUE(AJ54),AJ54,M54) -> 14:56:56 | AY54: 2 | BA54: =F54 -> БУДЕННОГО-ПР-Т-51К5 | BB54: =AP54*3+10*60 -> 1019.4 | BK54: -13.226667 | BL54: БУДЕННОГО-51 ПР-КТ Т/ЗАЛ
C55: 543 | D55: 257177 | E55: 4177 | F55: РЕУТОВ-РЕУТ-ОПОЛЧЕНЦЕВ-4 | G55: АМР | H55: 17.13 | I55: 10.95 | K55: АЛМА502-12_1 | M55: 15:37:26 | N55: 1 | O55: 6 | P55: Реутов | Q55: Реутовских ополченцев ул., д.4 | R55: Жуманалиев Азамат Калыбекович | S55: 000699754 | T55: 8 995 120-04-08 | U55: JAC | V55: Е892СР797 | W55: 9972 890393 | X55: РЕФ с ГБ | Y55: 5 | Z55: ТК АЛМА | AA55: 12 | AB55: F543 | AC55: Реутов, ул.Реутовских ополченцев,д.4 | AF55: 12П | AI55: 2 | AJ55: =IF((WEEKDAY(TODAY(),2))=6,"10:00","09:00") -> 09:00 | AK55: =IF(AP55>2000,"15:00",IF(AP55<1000,"16:30","16:00")) -> 16:30 | AL55: =CONCATENATE(TEXT(AJ55,"ЧЧ:ММ")," ","-"," ",TEXT(AK55,"ЧЧ:ММ")) -> 09:00 - 16:30 | AM55: 3 | AN55: =IF(AP55>1000,(AP55*320),300000) -> 300000 | AO55: TRUE | AP55: =H55*20+I55*20 -> 561.6 | AQ55: =IF(AP55>520,ROUNDUP(((H55*20)/560+(I55*20)/550),0),IF(SUM(H55:I55)=0,0,IF(AP55<255,1,ROUND(((H55*20)/520+(I55*20)/450),0)))) -> 2 | AR55: delivery | AW55: =IF(TIMEVALUE(M55)<TIMEVALUE(AJ55),AJ55,M55) -> 15:37:26 | AY55: 2 | BA55: =F55 -> РЕУТОВ-РЕУТ-ОПОЛЧЕНЦЕВ-4 | BB55: =AP55*3.2+10*60 -> 2397.12 | BE55: -9.0626667 | BJ55: -16.489333 | BL55: РЕУТОВ_РЕУТОВСКИХ_ОПОЛЧЕНЦЕВ-4
C56: 385 | D56: 50608 | E56: 7608 | F56: ЩЕЛКОВО-ТАЛСИНСКАЯ-4А | G56: АМР | H56: 47.12 | I56: 16.52 | J56: 06:00 | K56: АЛМА503-10_1 | M56: 09:00 | N56: 1 | O56: 1 | P56: Щелково | Q56: ул.Талсинская, д.4а | R56: Джураев Бахриддин Нуриллаевич | S56: AG0474175 | T56: 8 926 265-19-80 | U56: ISUZU | V56: С027ВС550 | W56: 9972 891457 | X56: РЕФ с ГБ | Y56: 5 | Z56: ТК АЛМА | AA56: 10 | AB56: F385 | AC56: Щелково, г. Щелково,ул.Талсинская, д.4а | AF56: 12П | AI56: 2 | AJ56: =IF((WEEKDAY(TODAY(),2))=6,"10:00","09:00") -> 09:00 | AK56: =IF(AP56>2000,"15:00",IF(AP56<1000,"16:30","16:00")) -> 16:00 | AL56: =CONCATENATE(TEXT(AJ56,"ЧЧ:ММ")," ","-"," ",TEXT(AK56,"ЧЧ:ММ")) -> 09:00 - 16:00 | AM56: 3 | AN56: =IF(AP56>1000,(AP56*320),300000) -> 407296 | AO56: TRUE | AP56: =H56*20+I56*20 -> 1272.8 | AQ56: =IF(AP56>520,ROUNDUP(((H56*20)/560+(I56*20)/550),0),IF(SUM(H56:I56)=0,0,IF(AP56<255,1,ROUND(((H56*20)/520+(I56*20)/450),0)))) -> 3 | AR56: delivery | AW56: =IF(TIMEVALUE(M56)<TIMEVALUE(AJ56),AJ56,M56) -> 09:00 | AY56: 2 | BA56: =F56 -> ЩЕЛКОВО-ТАЛСИНСКАЯ-4А | BB56: =AP56*3.6+10*60 -> 5182.08 | BI56: -27.788 | BL56: ам регион Щелково т/зал
C57: 386 | D57: 50743 | E57: 4743 | F57: ЩЕЛКОВО-ЛЕНИНА-ПЛ-1 | G57: АМР | H57: 66.89 | I57: 13.21 | K57: АЛМА503-10_1 | M57: 10:33:52 | N57: 1 | O57: 2 | P57: Щелково | Q57: пл. Ленина 1 | R57: Джураев Бахриддин Нуриллаевич | S57: AG0474175 | T57: 8 926 265-19-80 | U57: ISUZU | V57: С027ВС550 | W57: 9972 891457 | X57: РЕФ с ГБ | Y57: 5 | Z57: ТК АЛМА | AA57: 10 | AB57: F386 | AC57: Щелково, пл. Ленина 1 | AF57: 14П | AI57: 2 | AJ57: =IF((WEEKDAY(TODAY(),2))=6,"10:00","09:00") -> 09:00 | AK57: =IF(AP57>2000,"15:00",IF(AP57<1000,"16:30","16:00")) -> 16:00 | AL57: =CONCATENATE(TEXT(AJ57,"ЧЧ:ММ")," ","-"," ",TEXT(AK57,"ЧЧ:ММ")) -> 09:00 - 16:00 | AM57: 3 | AN57: =IF(AP57>1000,(AP57*320),300000) -> 512640 | AO57: TRUE | AP57: =H57*20+I57*20 -> 1602 | AQ57: =IF(AP57>520,ROUNDUP(((H57*20)/560+(I57*20)/550),0),IF(SUM(H57:I57)=0,0,IF(AP57<255,1,ROUND(((H57*20)/520+(I57*20)/450),0)))) -> 3 | AR57: delivery | AW57: =IF(TIMEVALUE(M57)<TIMEVALUE(AJ57),AJ57,M57) -> 10:33:52 | AY57: 2 | BA57: =F57 -> ЩЕЛКОВО-ЛЕНИНА-ПЛ-1 | BB57: =AP57*3.7+10*60 -> 6527.4 | BL57: ам регион Щелково-Ленина-1 т/зал
C58: 387 | D58: 507016 | E58: 4778 | F58: ЩЕЛКОВО-ЦЕНТРАЛЬНАЯ-17 | G58: АМР | H58: 77.9 | I58: 20.36 | K58: АЛМА503-10_1 | M58: 12:26:45 | N58: 1 | O58: 3 | P58: Щелково | Q58: ул Центральная 17 | R58: Джураев Бахриддин Нуриллаевич | S58: AG0474175 | T58: 8 926 265-19-80 | U58: ISUZU | V58: С027ВС550 | W58: 9972 891457 | X58: РЕФ с ГБ | Y58: 5 | Z58: ТК АЛМА | AA58: 10 | AB58: F387 | AC58: Щелково, ул Центральная 17 | AF58: 14П | AI58: 2 | AJ58: =IF((WEEKDAY(TODAY(),2))=6,"10:00","09:00") -> 09:00 | AK58: 0.54166667 | AL58: =CONCATENATE(TEXT(AJ58,"ЧЧ:ММ")," ","-"," ",TEXT(AK58,"ЧЧ:ММ")) -> 09:00 - 13:00 | AM58: 3 | AN58: =IF(AP58>1000,(AP58*320),300000) -> 628864 | AO58: TRUE | AP58: =H58*20+I58*20 -> 1965.2 | AQ58: =IF(AP58>520,ROUNDUP(((H58*20)/560+(I58*20)/550),0),IF(SUM(H58:I58)=0,0,IF(AP58<255,1,ROUND(((H58*20)/520+(I58*20)/450),0)))) -> 4 | AR58: delivery | AW58: =IF(TIMEVALUE(M58)<TIMEVALUE(AJ58),AJ58,M58) -> 12:26:45 | AY58: 1 | BA58: =F58 -> ЩЕЛКОВО-ЦЕНТРАЛЬНАЯ-17 | BB58: =AP58*3.5+10*60 -> 7478.2 | BL58: АМ РЕГИОН ЩЕЛКОВО_ЦЕНТРАЛЬНАЯ-17А Т/ЗАЛ
C59: 483 | D59: 7125 | E59: 4125 | F59: ШИШКИН-ЛЕС-15А | G59: АМР | H59: 42.08 | I59: 13.63 | J59: 05:53:30 | K59: БУШ501-12_1 | M59: 09:30 | N59: 1 | O59: 1 | P59: Москва | Q59: пос.Шишкин Лес, 15А | R59: Жапаркулов Эрхан Жамалбекович | S59: DL0661486 | T59: 7 985 077-20-02 | U59: ФУСО | V59: т346ах797 | W59: 99 40 121007 | X59: Реф | Y59: 5тн | Z59: ООО"БУШ-АВТОПРОМ" | AA59: 12 | AB59: F483 | AC59: Москва, посёлок Шишкин Лес, 15А, поселение Михайлово-Ярцевское | AF59: 12П | AI59: 2 | AJ59: =IF((WEEKDAY(TODAY(),2))=6,"10:00","09:30") -> 09:30 | AK59: 0.54166667 | AL59: =CONCATENATE(TEXT(AJ59,"ЧЧ:ММ")," ","-"," ",TEXT(AK59,"ЧЧ:ММ")) -> 09:30 - 13:00 | AM59: 5 | AN59: =IF(AP59>1000,(AP59*320),300000) -> 356544 | AO59: TRUE | AP59: =H59*20+I59*20 -> 1114.2 | AQ59: =IF(AP59>520,ROUNDUP(((H59*20)/560+(I59*20)/550),0),IF(SUM(H59:I59)=0,0,IF(AP59<255,1,ROUND(((H59*20)/520+(I59*20)/450),0)))) -> 2 | AR59: delivery | AW59: =IF(TIMEVALUE(M59)<TIMEVALUE(AJ59),AJ59,M59) -> 09:30 | AY59: 1 | BA59: =F59 -> ШИШКИН-ЛЕС-15А | BB59: =AP59*3+10*60 -> 3942.6 | BL59: ШИШКИН_ЛЕС-15А Т/ЗАЛ
C60: 67 | D60: 5084 | E60: 7084 | F60: ПОДОЛЬСК-ЛЕНИНА-ПР-Т-111 | G60: АМР | H60: 52.74 | I60: 11.68 | K60: БУШ501-12_1 | L60: 2 | M60: 11:22:29 | N60: 1 | O60: 2 | P60: Подольск | Q60: просп. Ленина, д.111 | R60: Жапаркулов Эрхан Жамалбекович | S60: DL0661486 | T60: 7 985 077-20-02 | U60: ФУСО | V60: т346ах797 | W60: 99 40 121007 | X60: Реф | Y60: 5тн | Z60: ООО"БУШ-АВТОПРОМ" | AA60: 12 | AB60: F67 | AC60: Подольск,Ленина просп., д.111 | AF60: 12П,2Г | AI60: 2 | AJ60: =IF((WEEKDAY(TODAY(),2))=6,"10:00","09:00") -> 09:00 | AK60: 0.54166667 | AL60: =CONCATENATE(TEXT(AJ60,"ЧЧ:ММ")," ","-"," ",TEXT(AK60,"ЧЧ:ММ")) -> 09:00 - 13:00 | AM60: 5 | AN60: =IF(AP60>1000,(AP60*320),300000) -> 412288 | AO60: TRUE | AP60: =H60*20+I60*20 -> 1288.4 | AQ60: =IF(AP60>520,ROUNDUP(((H60*20)/560+(I60*20)/550),0),IF(SUM(H60:I60)=0,0,IF(AP60<255,1,ROUND(((H60*20)/520+(I60*20)/450),0)))) -> 3 | AR60: delivery | AW60: =IF(TIMEVALUE(M60)<TIMEVALUE(AJ60),AJ60,M60) -> 11:22:29 | AY60: 1 | BA60: =F60 -> ПОДОЛЬСК-ЛЕНИНА-ПР-Т-111 | BB60: =AP60*3.7+10*60 -> 5367.08 | BF60: -33.462 | BL60: ам регион Подольск т/зал
C61: 82 | D61: 25990 | E61: 4990 | F61: ДРОЖЖИНО-ЮЖНАЯ-7 | G61: АМР | H61: 32.21 | I61: 3.69 | K61: БУШ501-12_1 | M61: 13:15:22 | N61: 1 | O61: 3 | P61: Ленинский г.о. | Q61: Дрожжино раб.пос., Южная ул., д.7 | R61: Жапаркулов Эрхан Жамалбекович | S61: DL0661486 | T61: 7 985 077-20-02 | U61: ФУСО | V61: т346ах797 | W61: 99 40 121007 | X61: Реф | Y61: 5тн | Z61: ООО"БУШ-АВТОПРОМ" | AA61: 12 | AB61: F82 | AC61: Ленинский г.о., Дрожжино раб.пос., Южная ул., д.7 | AF61: 12П | AI61: 2 | AJ61: =IF((WEEKDAY(TODAY(),2))=6,"10:00","09:00") -> 09:00 | AK61: 0.58333333 | AL61: =CONCATENATE(TEXT(AJ61,"ЧЧ:ММ")," ","-"," ",TEXT(AK61,"ЧЧ:ММ")) -> 09:00 - 14:00 | AM61: 5 | AN61: =IF(AP61>1000,(AP61*320),300000) -> 300000 | AO61: TRUE | AP61: =H61*20+I61*20 -> 718 | AQ61: =IF(AP61>520,ROUNDUP(((H61*20)/560+(I61*20)/550),0),IF(SUM(H61:I61)=0,0,IF(AP61<255,1,ROUND(((H61*20)/520+(I61*20)/450),0)))) -> 2 | AR61: delivery | AW61: =IF(TIMEVALUE(M61)<TIMEVALUE(AJ61),AJ61,M61) -> 13:15:22 | AY61: 2 | BA61: =F61 -> ДРОЖЖИНО-ЮЖНАЯ-7 | BB61: =AP61*4+10*60 -> 3472 | BF61: -14.224 | BK61: -41.86 | BL61: Дрожжино_Южная-7
C62: 84 | D62: 257151 | E62: 4151 | F62: ДРОЖЖИНО-НОВОЕ-Ш-2К2 | G62: АМР | H62: 47.12 | I62: 24.85 | K62: БУШ501-12_1 | M62: 14:16:15 | N62: 1 | O62: 4 | P62: Ленинский г.о. | Q62: Дрожжино раб.пос., Новое ш., д.2, кор.2 | R62: Жапаркулов Эрхан Жамалбекович | S62: DL0661486 | T62: 7 985 077-20-02 | U62: ФУСО | V62: т346ах797 | W62: 99 40 121007 | X62: Реф | Y62: 5тн | Z62: ООО"БУШ-АВТОПРОМ" | AA62: 12 | AB62: F84 | AC62: Ленинский г.о., Дрожжино раб.пос., Новое ш., д.2, кор.2 | AF62: 12П | AI62: 2 | AJ62: =IF((WEEKDAY(TODAY(),2))=6,"10:00","09:30") -> 09:30 | AK62: =IF(AP62>2000,"15:00",IF(AP62<1000,"16:30","16:00")) -> 16:00 | AL62: =CONCATENATE(TEXT(AJ62,"ЧЧ:ММ")," ","-"," ",TEXT(AK62,"ЧЧ:ММ")) -> 09:30 - 16:00 | AM62: 5 | AN62: =IF(AP62>1000,(AP62*320),300000) -> 460608 | AO62: TRUE | AP62: =H62*20+I62*20 -> 1439.4 | AQ62: =IF(AP62>520,ROUNDUP(((H62*20)/560+(I62*20)/550),0),IF(SUM(H62:I62)=0,0,IF(AP62<255,1,ROUND(((H62*20)/520+(I62*20)/450),0)))) -> 3 | AR62: delivery | AW62: =IF(TIMEVALUE(M62)<TIMEVALUE(AJ62),AJ62,M62) -> 14:16:15 | AY62: 2 | BA62: =F62 -> ДРОЖЖИНО-НОВОЕ-Ш-2К2 | BB62: =AP62*3.5+10*60 -> 5637.9 | BF62: 39.963333 | BG62: -18.953333 | BL62: ДРОЖЖИНО_НОВОЕ_Ш-2
C63: 58 | D63: 7054 | E63: 4054 | F63: ВАРШАВСКОЕ-Ш-141К11 | G63: АМ | H63: 9.69 | I63: 2.01 | K63: БУШ501-12_1 | M63: 16:09:57 | N63: 1 | O63: 5 | P63: Москва | Q63: Варшавское ш., д.141, кор.11 | R63: Жапаркулов Эрхан Жамалбекович | S63: DL0661486 | T63: 7 985 077-20-02 | U63: ФУСО | V63: т346ах797 | W63: 99 40 121007 | X63: Реф | Y63: 5тн | Z63: ООО"БУШ-АВТОПРОМ" | AA63: 12 | AB63: F58 | AC63: Москва, Варшавское ш., д.141, кор.11 | AF63: 12П | AI63: 2 | AJ63: 09:30 | AK63: 0.75 | AL63: =CONCATENATE(TEXT(AJ63,"ЧЧ:ММ")," ","-"," ",TEXT(AK63,"ЧЧ:ММ")) -> 09:30 - 18:00 | AM63: 5 | AN63: =IF(AP63>1000,(AP63*320),300000) -> 300000 | AO63: TRUE | AP63: =H63*20+I63*20 -> 234 | AQ63: =IF(AP63>520,ROUNDUP(((H63*20)/560+(I63*20)/550),0),IF(SUM(H63:I63)=0,0,IF(AP63<255,1,ROUND(((H63*20)/520+(I63*20)/450),0)))) -> 1 | AR63: delivery | AW63: =IF(TIMEVALUE(M63)<TIMEVALUE(AJ63),AJ63,M63) -> 16:09:57 | AY63: 3 | BA63: =F63 -> ВАРШАВСКОЕ-Ш-141К11 | BB63: =AP63*3+10*60 -> 1302 | BI63: -1.9133333 | BK63: -17.236667 | BL63: ВАРШАВСКОЕ_Ш-141 Т/ЗАЛ
C64: 59 | D64: 960 | E64: 4960 | F64: ВАРШАВСКОЕ-Ш-168 | G64: АМ | H64: 5.08 | I64: 2.85 | K64: БУШ501-12_1 | M64: 16:49:49 | N64: 1 | O64: 6 | P64: Москва | Q64: Варшавское ш., д.168 | R64: Жапаркулов Эрхан Жамалбекович | S64: DL0661486 | T64: 7 985 077-20-02 | U64: ФУСО | V64: т346ах797 | W64: 99 40 121007 | X64: Реф | Y64: 5тн | Z64: ООО"БУШ-АВТОПРОМ" | AA64: 12 | AB64: F59 | AC64: Москва, Варшавское ш., д.168 | AF64: 12П | AI64: 2 | AJ64: 09:00 | AK64: 0.75 | AL64: =CONCATENATE(TEXT(AJ64,"ЧЧ:ММ")," ","-"," ",TEXT(AK64,"ЧЧ:ММ")) -> 09:00 - 18:00 | AM64: 5 | AN64: =IF(AP64>1000,(AP64*320),300000) -> 300000 | AO64: TRUE | AP64: =H64*20+I64*20 -> 158.6 | AQ64: =IF(AP64>520,ROUNDUP(((H64*20)/560+(I64*20)/550),0),IF(SUM(H64:I64)=0,0,IF(AP64<255,1,ROUND(((H64*20)/520+(I64*20)/450),0)))) -> 1 | AR64: delivery | AW64: =IF(TIMEVALUE(M64)<TIMEVALUE(AJ64),AJ64,M64) -> 16:49:49 | AY64: 3 | BA64: =F64 -> ВАРШАВСКОЕ-Ш-168 | BB64: =AP64*3.5+10*60 -> 1155.1 | BI64: -10.361667 | BL64: ВАРШАВСКОЕ_Ш-168 Т/ЗАЛ
C65: 55 | D65: 8 | E65: 7008 | F65: ЧЕРТАНОВСКАЯ-1вК1 | G65: АМ | H65: 61.29 | I65: 17.1 | J65: 05:12:46 | K65: БУШ502-12_1 | M65: 09:00 | N65: 1 | O65: 1 | P65: Москва | Q65: ул.Чертановская, д.1В, кор.1 | R65: Алмазбеков Бексултан Алмазбекович | S65: DL 0944025 | T65: 7 969 485-60-75 | U65: ФАВ | V65: н715мх977 | W65: 99 78 973805 | X65: Реф | Y65: 5тн | Z65: ООО"БУШ-АВТОПРОМ" | AA65: 12 | AB65: F55 | AC65: Москва, Чертановская ул., д.1В, кор.1 | AF65: 12П | AI65: 1 | AJ65: 09:00 | AK65: 0.5 | AL65: =CONCATENATE(TEXT(AJ65,"ЧЧ:ММ")," ","-"," ",TEXT(AK65,"ЧЧ:ММ")) -> 09:00 - 12:00 | AM65: 5 | AN65: =IF(AP65>1000,(AP65*320),300000) -> 501696 | AO65: TRUE | AP65: =H65*20+I65*20 -> 1567.8 | AQ65: =IF(AP65>520,ROUNDUP(((H65*20)/560+(I65*20)/550),0),IF(SUM(H65:I65)=0,0,IF(AP65<255,1,ROUND(((H65*20)/520+(I65*20)/450),0)))) -> 3 | AR65: delivery | AW65: =IF(TIMEVALUE(M65)<TIMEVALUE(AJ65),AJ65,M65) -> 09:00 | AY65: 1 | BA65: =F65 -> ЧЕРТАНОВСКАЯ-1вК1 | BB65: =AP65*3.5+10*60 -> 6087.3 | BG65: -12.818333 | BL65: ЧЕРТАНОВО Т/ЗАЛ
C66: 60 | D66: 12 | E66: 7012 | F66: ДМИТР-ДОНСКОГО-Б-Р-16 | G66: АМ | H66: 35.86 | I66: 17.01 | K66: БУШ502-12_1 | M66: 11:02:11 | N66: 1 | O66: 2 | P66: Москва | Q66: Дмитрия Донского бр, д.16 | R66: Алмазбеков Бексултан Алмазбекович | S66: DL 0944025 | T66: 7 969 485-60-75 | U66: ФАВ | V66: н715мх977 | W66: 99 78 973805 | X66: Реф | Y66: 5тн | Z66: ООО"БУШ-АВТОПРОМ" | AA66: 12 | AB66: F60 | AC66: Москва, Бульвар Дмитрия Донского, д.16 | AF66: 12П | AI66: 2 | AJ66: 09:00 | AK66: 0.54166667 | AL66: =CONCATENATE(TEXT(AJ66,"ЧЧ:ММ")," ","-"," ",TEXT(AK66,"ЧЧ:ММ")) -> 09:00 - 13:00 | AM66: 5 | AN66: =IF(AP66>1000,(AP66*320),300000) -> 338368 | AO66: TRUE | AP66: =H66*20+I66*20 -> 1057.4 | AQ66: =IF(AP66>520,ROUNDUP(((H66*20)/560+(I66*20)/550),0),IF(SUM(H66:I66)=0,0,IF(AP66<255,1,ROUND(((H66*20)/520+(I66*20)/450),0)))) -> 2 | AR66: delivery | AW66: =IF(TIMEVALUE(M66)<TIMEVALUE(AJ66),AJ66,M66) -> 11:02:11 | AY66: 1 | BA66: =F66 -> ДМИТР-ДОНСКОГО-Б-Р-16 | BB66: =AP66*2.7+10*60 -> 3454.98 | BG66: -18.367 | BH66: 25.864333 | BJ66: -2.5576667 | BL66: БУТОВО Т/ЗАЛ
C67: 90 | D67: 507005 | E67: 4005 | F67: БЕРЕЖКИ-КАСКАД-ПАРК-51 | G67: АМР | H67: 59.87 | I67: 12.73 | K67: БУШ502-12_1 | M67: 12:33:19 | N67: 1 | O67: 3 | P67: Ленинский г.о. | Q67: д.Бережки,Каскад Парк, д.51 | R67: Алмазбеков Бексултан Алмазбекович | S67: DL 0944025 | T67: 7 969 485-60-75 | U67: ФАВ | V67: н715мх977 | W67: 99 78 973805 | X67: Реф | Y67: 5тн | Z67: ООО"БУШ-АВТОПРОМ" | AA67: 12 | AB67: F90 | AC67: жилой комплекс Каскад Парк, деревня Бережки д.51, г.о. Подольск, Московская область | AF67: 12П | AI67: 2 | AJ67: =IF((WEEKDAY(TODAY(),2))=6,"10:00","09:30") -> 09:30 | AK67: 0.54166667 | AL67: =CONCATENATE(TEXT(AJ67,"ЧЧ:ММ")," ","-"," ",TEXT(AK67,"ЧЧ:ММ")) -> 09:30 - 13:00 | AM67: 5 | AN67: =IF(AP67>1000,(AP67*320),300000) -> 464640 | AO67: TRUE | AP67: =H67*20+I67*20 -> 1452 | AQ67: =IF(AP67>520,ROUNDUP(((H67*20)/560+(I67*20)/550),0),IF(SUM(H67:I67)=0,0,IF(AP67<255,1,ROUND(((H67*20)/520+(I67*20)/450),0)))) -> 3 | AR67: delivery | AW67: =IF(TIMEVALUE(M67)<TIMEVALUE(AJ67),AJ67,M67) -> 12:33:19 | AY67: 1 | BA67: =F67 -> БЕРЕЖКИ-КАСКАД-ПАРК-51 | BB67: =AP67*3+10*60 -> 4956 | BI67: 26.216667 | BL67: ам регион бережки_каскад_парк-51
C68: 86 | D68: 25957 | E68: 4957 | F68: БОБРОВО-КРЫМСКАЯ-7 | G68: АМР | H68: 26.59 | I68: 9.94 | K68: БУШ502-12_1 | M68: 14:20:32 | N68: 1 | O68: 4 | P68: Ленинский г.о. | Q68: рп Боброво, ул.Крымская, д. 7 | R68: Алмазбеков Бексултан Алмазбекович | S68: DL 0944025 | T68: 7 969 485-60-75 | U68: ФАВ | V68: н715мх977 | W68: 99 78 973805 | X68: Реф | Y68: 5тн | Z68: ООО"БУШ-АВТОПРОМ" | AA68: 12 | AB68: F86 | AC68: Ленинский г.о., рп Боброво, ул.Крымская, д. 7 | AF68: 12П | AI68: 2 | AJ68: =IF((WEEKDAY(TODAY(),2))=6,"10:00","09:30") -> 09:30 | AK68: =IF(AP68>2000,"15:00",IF(AP68<1000,"16:30","16:00")) -> 16:30 | AL68: =CONCATENATE(TEXT(AJ68,"ЧЧ:ММ")," ","-"," ",TEXT(AK68,"ЧЧ:ММ")) -> 09:30 - 16:30 | AM68: 5 | AN68: =IF(AP68>1000,(AP68*320),300000) -> 300000 | AO68: TRUE | AP68: =H68*20+I68*20 -> 730.6 | AQ68: =IF(AP68>520,ROUNDUP(((H68*20)/560+(I68*20)/550),0),IF(SUM(H68:I68)=0,0,IF(AP68<255,1,ROUND(((H68*20)/520+(I68*20)/450),0)))) -> 2 | AR68: delivery | AW68: =IF(TIMEVALUE(M68)<TIMEVALUE(AJ68),AJ68,M68) -> 14:20:32 | AY68: 2 | BA68: =F68 -> БОБРОВО-КРЫМСКАЯ-7 | BB68: =AP68*3+10*60 -> 2791.8 | BG68: -7.0533333 | BL68: Боброво_Крымская-7
C69: 107 | D69: 17 | E69: 7017 | F69: ПРОФСОЮЗНАЯ-18К1 | G69: АМ | H69: 33.39 | I69: 10.25 | J69: 04:58:35 | K69: БУШ503-10_1 | M69: 08:00 | N69: 1 | O69: 1 | P69: Москва | Q69: ул. Профсоюзная, д.18, кор.1 | R69: Мусаев Муса Тельманович | S69: 99 37 505470 | T69: 7 925 863-05-05 | U69: ФАВ | V69: н730мх977 | W69: 99 78 973806 | X69: Реф | Y69: 5тн | Z69: ООО"БУШ-АВТОПРОМ" | AA69: 12 | AB69: F107 | AC69: Москва, ул. Профсоюзная, д.18, кор.1 | AF69: 12П | AI69: 1 | AJ69: 08:00 | AK69: 0.35416667 | AL69: =CONCATENATE(TEXT(AJ69,"ЧЧ:ММ")," ","-"," ",TEXT(AK69,"ЧЧ:ММ")) -> 08:00 - 08:30 | AM69: 5 | AN69: =IF(AP69>1000,(AP69*320),300000) -> 300000 | AO69: TRUE | AP69: =H69*20+I69*20 -> 872.8 | AQ69: =IF(AP69>520,ROUNDUP(((H69*20)/560+(I69*20)/550),0),IF(SUM(H69:I69)=0,0,IF(AP69<255,1,ROUND(((H69*20)/520+(I69*20)/450),0)))) -> 2 | AR69: delivery | AW69: =IF(TIMEVALUE(M69)<TIMEVALUE(AJ69),AJ69,M69) -> 08:00 | AY69: 1 | BA69: =F69 -> ПРОФСОЮЗНАЯ-18К1 | BB69: =AP69*3+10*60 -> 3218.4 | BE69: 36.376667 | BF69: -1.33 | BH69: 0.026666667 | BJ69: 5.8533333 | BL69: ПРОФСОЮЗНАЯ Т/ЗАЛ
C70: 101 | D70: 861 | E70: 4861 | F70: 60-ЛЕТИЯ-ОКТЯБРЯ-19 | G70: АМ | H70: 35.34 | I70: 9.68 | K70: БУШ503-10_1 | M70: 09:03:54 | N70: 1 | O70: 2 | P70: Москва | Q70: ул.60 летия Октября, 19 | R70: Мусаев Муса Тельманович | S70: 99 37 505470 | T70: 7 925 863-05-05 | U70: ФАВ | V70: н730мх977 | W70: 99 78 973806 | X70: Реф | Y70: 5тн | Z70: ООО"БУШ-АВТОПРОМ" | AA70: 12 | AB70: F101 | AC70: Москва, ул.60 летия Октября, 19 | AF70: 12П | AI70: 2 | AJ70: 09:00 | AK70: 0.54166667 | AL70: =CONCATENATE(TEXT(AJ70,"ЧЧ:ММ")," ","-"," ",TEXT(AK70,"ЧЧ:ММ")) -> 09:00 - 13:00 | AM70: 5 | AN70: =IF(AP70>1000,(AP70*320),300000) -> 300000 | AO70: TRUE | AP70: =H70*20+I70*20 -> 900.4 | AQ70: =IF(AP70>520,ROUNDUP(((H70*20)/560+(I70*20)/550),0),IF(SUM(H70:I70)=0,0,IF(AP70<255,1,ROUND(((H70*20)/520+(I70*20)/450),0)))) -> 2 | AR70: delivery | AW70: =IF(TIMEVALUE(M70)<TIMEVALUE(AJ70),AJ70,M70) -> 09:03:54 | AY70: 1 | BA70: =F70 -> 60-ЛЕТИЯ-ОКТЯБРЯ-19 | BB70: =AP70*2.6+10*60 -> 2941.04 | BE70: -18.426667 | BG70: -15.690667 | BH70: -21.044 | BL70: 60_ЛЕТИЯ_ОКТЯБРЯ-19 Т/ЗАЛ
C71: 404 | D71: 44 | E71: 7044 | F71: БОЛЬШАЯ-ФИЛЕВСКАЯ-19/18К1 | G71: АМ | H71: 37.54 | I71: 11.7 | K71: БУШ503-10_1 | M71: 10:26:56 | N71: 1 | O71: 3 | P71: Москва | Q71: ул.Большая Филевская, д. 19/18, кор.1 | R71: Мусаев Муса Тельманович | S71: 99 37 505470 | T71: 7 925 863-05-05 | U71: ФАВ | V71: н730мх977 | W71: 99 78 973806 | X71: Реф | Y71: 5тн | Z71: ООО"БУШ-АВТОПРОМ" | AA71: 12 | AB71: F404 | AC71: Москва, ул.Большая Филевская, д. 19/18, кор.1 | AF71: 12П | AI71: 2 | AJ71: =IF((WEEKDAY(TODAY(),2))=6,"10:00","09:30") -> 09:30 | AK71: 0.54166667 | AL71: =CONCATENATE(TEXT(AJ71,"ЧЧ:ММ")," ","-"," ",TEXT(AK71,"ЧЧ:ММ")) -> 09:30 - 13:00 | AM71: 6 | AN71: =IF(AP71>1000,(AP71*320),300000) -> 300000 | AO71: TRUE | AP71: =H71*20+I71*20 -> 984.8 | AQ71: =IF(AP71>520,ROUNDUP(((H71*20)/560+(I71*20)/550),0),IF(SUM(H71:I71)=0,0,IF(AP71<255,1,ROUND(((H71*20)/520+(I71*20)/450),0)))) -> 2 | AR71: delivery | AW71: =IF(TIMEVALUE(M71)<TIMEVALUE(AJ71),AJ71,M71) -> 10:26:56 | AY71: 1 | BA71: =F71 -> БОЛЬШАЯ-ФИЛЕВСКАЯ-19/18К1 | BB71: =AP71*3.5+10*60 -> 4046.8 | BJ71: 25.173333 | BL71: Б.ФИЛЕВСКАЯ Т/ЗАЛ
C72: 244 | D72: 507164 | E72: 4164 | F72: БУЗЛАНОВО-НОВЫЙ-ПОСЕЛОК-9 | G72: АМР | H72: 77.59 | I72: 31.43 | K72: БУШ503-10_1 | M72: 12:06:06 | N72: 1 | O72: 4 | P72: г.о.Красногорск | Q72: д.Бузланово, ул.Новый Поселок,д.9 | R72: Мусаев Муса Тельманович | S72: 99 37 505470 | T72: 7 925 863-05-05 | U72: ФАВ | V72: н730мх977 | W72: 99 78 973806 | X72: Реф | Y72: 5тн | Z72: ООО"БУШ-АВТОПРОМ" | AA72: 12 | AB72: F244 | AC72: улица Новый Посёлок, 9, деревня Бузланово, городской округ Красногорск, Московская область | AF72: 14П | AI72: 2 | AJ72: =IF((WEEKDAY(TODAY(),2))=6,"10:00","09:30") -> 09:30 | AK72: 0.54166667 | AL72: =CONCATENATE(TEXT(AJ72,"ЧЧ:ММ")," ","-"," ",TEXT(AK72,"ЧЧ:ММ")) -> 09:30 - 13:00 | AM72: 1 | AN72: =IF(AP72>1000,(AP72*320),300000) -> 697728 | AO72: TRUE | AP72: =H72*20+I72*20 -> 2180.4 | AQ72: =IF(AP72>520,ROUNDUP(((H72*20)/560+(I72*20)/550),0),IF(SUM(H72:I72)=0,0,IF(AP72<255,1,ROUND(((H72*20)/520+(I72*20)/450),0)))) -> 4 | AR72: delivery | AW72: =IF(TIMEVALUE(M72)<TIMEVALUE(AJ72),AJ72,M72) -> 12:06:06 | AY72: 1 | BA72: =F72 -> БУЗЛАНОВО-НОВЫЙ-ПОСЕЛОК-9 | BB72: =AP72*3.5+10*60 -> 8231.4 | BH72: -40.415 | BL72: АМ РЕГИОН КРАСНОГОРСК_Н_ПОСЕЛОК-9
C73: 366 | D73: 7078 | E73: 4078 | F73: ХРОМОВА-3 | G73: АМ | H73: 27.56 | I73: 4.93 | J73: 05:00 | K73: ВЕЛЕСС01_1 | M73: 08:30 | N73: 1 | O73: 1 | P73: Москва | Q73: ул.Хромова, д.3 | R73: Черненко Константин Георгиевич | S73: 50ОУ508097 | T73: 89629380358 | U73: ФОРД | V73: В680ЕХ799 | W73: 9935704002 | X73: Грузовой фургон | Y73: 3Т | Z73: велесс | AA73: 8 | AB73: F366 | AC73: Москва, ул. Хромова, д.3 | AF73: 12П | AI73: 2 | AJ73: 08:30 | AK73: 0.45833333 | AL73: =CONCATENATE(TEXT(AJ73,"ЧЧ:ММ")," ","-"," ",TEXT(AK73,"ЧЧ:ММ")) -> 08:30 - 11:00 | AM73: 3 | AN73: =IF(AP73>1000,(AP73*320),300000) -> 300000 | AO73: TRUE | AP73: =H73*20+I73*20 -> 649.8 | AQ73: =IF(AP73>520,ROUNDUP(((H73*20)/560+(I73*20)/550),0),IF(SUM(H73:I73)=0,0,IF(AP73<255,1,ROUND(((H73*20)/520+(I73*20)/450),0)))) -> 2 | AR73: delivery | AW73: =IF(TIMEVALUE(M73)<TIMEVALUE(AJ73),AJ73,M73) -> 08:30 | AY73: 1 | BA73: =F73 -> ХРОМОВА-3 | BB73: =AP73*3.5+10*60 -> 2874.3 | BH73: 69.021667 | BJ73: -21.051667 | BL73: ХРОМОВА-3 Т/ЗАЛ
C74: 375 | D74: 26 | E74: 7026 | F74: ИЗМАЙЛОВСКИЙ-Б-Р-11/31 | G74: АМ | H74: 29.06 | I74: 3.79 | K74: ВЕЛЕСС01_1 | M74: 09:33:59 | N74: 1 | O74: 2 | P74: Москва | Q74: Измайловский бр, д. 11/31 | R74: Черненко Константин Георгиевич | S74: 50ОУ508097 | T74: 89629380358 | U74: ФОРД | V74: В680ЕХ799 | W74: 9935704002 | X74: Грузовой фургон | Y74: 3Т | Z74: велесс | AA74: 8 | AB74: F375 | AC74: Москва, Измайловский бульвар, д. 11/31 | AF74: 12П | AI74: 2 | AJ74: 09:00 | AK74: 0.54166667 | AL74: =CONCATENATE(TEXT(AJ74,"ЧЧ:ММ")," ","-"," ",TEXT(AK74,"ЧЧ:ММ")) -> 09:00 - 13:00 | AM74: 3 | AN74: =IF(AP74>1000,(AP74*320),300000) -> 300000 | AO74: TRUE | AP74: =H74*20+I74*20 -> 657 | AQ74: =IF(AP74>520,ROUNDUP(((H74*20)/560+(I74*20)/550),0),IF(SUM(H74:I74)=0,0,IF(AP74<255,1,ROUND(((H74*20)/520+(I74*20)/450),0)))) -> 2 | AR74: delivery | AW74: =IF(TIMEVALUE(M74)<TIMEVALUE(AJ74),AJ74,M74) -> 09:33:59 | AY74: 1 | BA74: =F74 -> ИЗМАЙЛОВСКИЙ-Б-Р-11/31 | BB74: =AP74*3.5+10*60 -> 2899.5 | BE74: -16.828333 | BH74: -23.003333 | BL74: ИЗМАЙЛОВО Т/ЗАЛ
C75: 350 | D75: 25851 | E75: 4851 | F75: КОРОЛЕВ-АК-ЛЕГОСТАЕВА-8 | G75: АМР | H75: 29.09 | I75: 14.13 | K75: ВЕЛЕСС01_1 | M75: 11:12:11 | N75: 1 | O75: 3 | P75: Королев | Q75: ул. Академика Легостаева,8 | R75: Черненко Константин Георгиевич | S75: 50ОУ508097 | T75: 89629380358 | U75: ФОРД | V75: В680ЕХ799 | W75: 9935704002 | X75: Грузовой фургон | Y75: 3Т | Z75: велесс | AA75: 8 | AB75: F350 | AC75: Королев, ул. Академика Легостаева,8 | AF75: 14П | AI75: 2 | AJ75: =IF((WEEKDAY(TODAY(),2))=6,"10:00","09:00") -> 09:00 | AK75: 0.54166667 | AL75: =CONCATENATE(TEXT(AJ75,"ЧЧ:ММ")," ","-"," ",TEXT(AK75,"ЧЧ:ММ")) -> 09:00 - 13:00 | AM75: 2 | AN75: =IF(AP75>1000,(AP75*320),300000) -> 300000 | AO75: TRUE | AP75: =H75*20+I75*20 -> 864.4 | AQ75: =IF(AP75>520,ROUNDUP(((H75*20)/560+(I75*20)/550),0),IF(SUM(H75:I75)=0,0,IF(AP75<255,1,ROUND(((H75*20)/520+(I75*20)/450),0)))) -> 2 | AR75: delivery | AW75: =IF(TIMEVALUE(M75)<TIMEVALUE(AJ75),AJ75,M75) -> 11:12:11 | AY75: 1 | BA75: =F75 -> КОРОЛЕВ-АК-ЛЕГОСТАЕВА-8 | BB75: =AP75*3+10*60 -> 3193.2 | BF75: -16.57 | BL75: Королев_ак_Легостаева-8
C76: 347 | D76: 257113 | E76: 4113 | F76: КОРОЛЕВ-ПИОНЕРСКАЯ-13К5 | G76: АМР | H76: 25.96 | I76: 12.92 | K76: ВЕЛЕСС01_1 | M76: 12:25:35 | N76: 1 | O76: 4 | P76: Королев | Q76: ул. Пионерская, д.13, кор.5 | R76: Черненко Константин Георгиевич | S76: 50ОУ508097 | T76: 89629380358 | U76: ФОРД | V76: В680ЕХ799 | W76: 9935704002 | X76: Грузовой фургон | Y76: 3Т | Z76: велесс | AA76: 8 | AB76: F347 | AC76: Королев, Пионерская ул., д.13, кор.5 | AF76: 14П | AI76: 2 | AJ76: =IF((WEEKDAY(TODAY(),2))=6,"10:00","09:00") -> 09:00 | AK76: =IF(AP76>2000,"15:00",IF(AP76<1000,"16:30","16:00")) -> 16:30 | AL76: =CONCATENATE(TEXT(AJ76,"ЧЧ:ММ")," ","-"," ",TEXT(AK76,"ЧЧ:ММ")) -> 09:00 - 16:30 | AM76: 2 | AN76: =IF(AP76>1000,(AP76*320),300000) -> 300000 | AO76: TRUE | AP76: =H76*20+I76*20 -> 777.6 | AQ76: =IF(AP76>520,ROUNDUP(((H76*20)/560+(I76*20)/550),0),IF(SUM(H76:I76)=0,0,IF(AP76<255,1,ROUND(((H76*20)/520+(I76*20)/450),0)))) -> 2 | AR76: delivery | AW76: =IF(TIMEVALUE(M76)<TIMEVALUE(AJ76),AJ76,M76) -> 12:25:35 | AY76: 2 | BA76: =F76 -> КОРОЛЕВ-ПИОНЕРСКАЯ-13К5 | BB76: =AP76*3+10*60 -> 2932.8 | BF76: -16.45 | BL76: КОРОЛЕВ_ПИОНЕРСКАЯ-13
C77: 49 | D77: 25974 | E77: 4974 | F77: КОТЕЛЬНИКИ-БЕЛАЯ-ДАЧА-МКР-11К1 | G77: АМР | H77: 34.73 | I77: 22.16 | J77: 05:00 | K77: ВЕЛЕСС02_1 | M77: 11:08:38 | N77: 1 | O77: 1 | P77: Котельники | Q77: мкр. Белая Дача, д.11, кор.1 | R77: Федоров Илья Олегович | S77: 9905453840 | T77: 89992339124 | U77: ИВЕКО | V77: Р711УТ799 | W77: 9949247264 | X77: Грузовой фургон | Y77: 3Т | Z77: велесс | AA77: 8 | AB77: F49 | AC77: Котельники, мкр. Белая Дача, д.11, кор.1 | AF77: 12П | AI77: 2 | AJ77: =IF((WEEKDAY(TODAY(),2))=6,"10:00","09:00") -> 09:00 | AK77: 0.54166667 | AL77: =CONCATENATE(TEXT(AJ77,"ЧЧ:ММ")," ","-"," ",TEXT(AK77,"ЧЧ:ММ")) -> 09:00 - 13:00 | AM77: 4 | AN77: =IF(AP77>1000,(AP77*320),300000) -> 364096 | AO77: TRUE | AP77: =H77*20+I77*20 -> 1137.8 | AQ77: =IF(AP77>520,ROUNDUP(((H77*20)/560+(I77*20)/550),0),IF(SUM(H77:I77)=0,0,IF(AP77<255,1,ROUND(((H77*20)/520+(I77*20)/450),0)))) -> 3 | AR77: delivery | AW77: =IF(TIMEVALUE(M77)<TIMEVALUE(AJ77),AJ77,M77) -> 11:08:38 | AY77: 1 | BA77: =F77 -> КОТЕЛЬНИКИ-БЕЛАЯ-ДАЧА-МКР-11К1 | BB77: =AP77*3.5+10*60 -> 4582.3 | BF77: 16.171667 | BI77: -17.42 | BL77: Котельники_Белая_Дача-11
C78: 47 | D78: 25806 | E78: 4806 | F78: КОТЕЛЬНИКИ-СОСНОВАЯ-1К3 | G78: АМР | H78: 64.6 | I78: 24.84 | K78: ВЕЛЕСС02_1 | M78: 12:36:09 | N78: 1 | O78: 2 | P78: Котельники | Q78: ул.Сосновая д.1 к.3 | R78: Федоров Илья Олегович | S78: 9905453840 | T78: 89992339124 | U78: ИВЕКО | V78: Р711УТ799 | W78: 9949247264 | X78: Грузовой фургон | Y78: 3Т | Z78: велесс | AA78: 8 | AB78: F47 | AC78: Котельники, ул.Сосновая д.1 к.3 | AF78: 8П | AI78: 2 | AJ78: =IF((WEEKDAY(TODAY(),2))=6,"10:00","09:30") -> 09:30 | AK78: 0.54166667 | AL78: =CONCATENATE(TEXT(AJ78,"ЧЧ:ММ")," ","-"," ",TEXT(AK78,"ЧЧ:ММ")) -> 09:30 - 13:00 | AM78: 4 | AN78: =IF(AP78>1000,(AP78*320),300000) -> 572416 | AO78: TRUE | AP78: =H78*20+I78*20 -> 1788.8 | AQ78: =IF(AP78>520,ROUNDUP(((H78*20)/560+(I78*20)/550),0),IF(SUM(H78:I78)=0,0,IF(AP78<255,1,ROUND(((H78*20)/520+(I78*20)/450),0)))) -> 4 | AR78: delivery | AW78: =IF(TIMEVALUE(M78)<TIMEVALUE(AJ78),AJ78,M78) -> 12:36:09 | AY78: 1 | BA78: =F78 -> КОТЕЛЬНИКИ-СОСНОВАЯ-1К3 | BB78: =AP78*3.7+10*60 -> 7218.56 | BF78: -22.210667 | BI78: -28.800333 | BL78: Котельники_Сосновая-1
C79: 11 | D79: 665 | E79: 7665 | F79: ВОРОНЕЖСКАЯ-7 | G79: АМ | H79: 21.11 | I79: 1.95 | J79: 05:00 | K79: ВЕЛЕСС03_1 | M79: 11:11:00 | N79: 1 | O79: 1 | P79: Москва | Q79: Воронежская ул., д.7 | R79: Фролкин Игорь Игоревич | S79: 2425091213 | T79: 89832676228 | U79: ИВЕКО | V79: В467ЕЕ799 | W79: 9966810995 | X79: Грузовой фургон | Y79: 3Т | Z79: велесс | AA79: 8 | AB79: F11 | AC79: Москва, Воронежская ул., д.7 | AF79: 8П | AI79: 2 | AJ79: 09:00 | AK79: 0.54166667 | AL79: =CONCATENATE(TEXT(AJ79,"ЧЧ:ММ")," ","-"," ",TEXT(AK79,"ЧЧ:ММ")) -> 09:00 - 13:00 | AM79: 4 | AN79: =IF(AP79>1000,(AP79*320),300000) -> 300000 | AO79: TRUE | AP79: =H79*20+I79*20 -> 461.2 | AQ79: =IF(AP79>520,ROUNDUP(((H79*20)/560+(I79*20)/550),0),IF(SUM(H79:I79)=0,0,IF(AP79<255,1,ROUND(((H79*20)/520+(I79*20)/450),0)))) -> 1 | AR79: delivery | AW79: =IF(TIMEVALUE(M79)<TIMEVALUE(AJ79),AJ79,M79) -> 11:11:00 | AY79: 1 | BA79: =F79 -> ВОРОНЕЖСКАЯ-7 | BB79: =AP79*3.5+10*60 -> 2214.2 | BF79: -1.845 | BL79: ВОРОНЕЖСКАЯ-7 Т/ЗАЛ
C80: 1 | D80: 3 | E80: 7003 | F80: БРАТИСЛАВСКАЯ-29К1 | G80: АМ | H80: 27.19 | I80: 0.8 | K80: ВЕЛЕСС03_1 | M80: 12:13:38 | N80: 1 | O80: 2 | P80: Москва | Q80: Братиславская ул., д.29, кор.1 | R80: Фролкин Игорь Игоревич | S80: 2425091213 | T80: 89832676228 | U80: ИВЕКО | V80: В467ЕЕ799 | W80: 9966810995 | X80: Грузовой фургон | Y80: 3Т | Z80: велесс | AA80: 8 | AB80: F1 | AC80: Москва, Братиславская ул., д.29, кор.1 | AF80: 12П | AI80: 2 | AJ80: 09:00 | AK80: 0.54166667 | AL80: =CONCATENATE(TEXT(AJ80,"ЧЧ:ММ")," ","-"," ",TEXT(AK80,"ЧЧ:ММ")) -> 09:00 - 13:00 | AM80: 4 | AN80: =IF(AP80>1000,(AP80*320),300000) -> 300000 | AO80: TRUE | AP80: =H80*20+I80*20 -> 559.8 | AQ80: =IF(AP80>520,ROUNDUP(((H80*20)/560+(I80*20)/550),0),IF(SUM(H80:I80)=0,0,IF(AP80<255,1,ROUND(((H80*20)/520+(I80*20)/450),0)))) -> 2 | AR80: delivery | AW80: =IF(TIMEVALUE(M80)<TIMEVALUE(AJ80),AJ80,M80) -> 12:13:38 | AY80: 1 | BA80: =F80 -> БРАТИСЛАВСКАЯ-29К1 | BB80: =AP80*3.2+10*60 -> 2391.36 | BK80: -9.75 | BL80: МАРЬИНО Т/ЗАЛ
C81: 48 | D81: 25977 | E81: 4977 | F81: НОВЫЕ-КОТЕЛЬНИКИ-16 | G81: АМР | H81: 39.91 | I81: 24.69 | K81: ВЕЛЕСС03_1 | M81: 13:12:42 | N81: 1 | O81: 3 | P81: Котельники | Q81: мкр.Новые Котельники, д.16 | R81: Фролкин Игорь Игоревич | S81: 2425091213 | T81: 89832676228 | U81: ИВЕКО | V81: В467ЕЕ799 | W81: 9966810995 | X81: Грузовой фургон | Y81: 3Т | Z81: велесс | AA81: 8 | AB81: F48 | AC81: Котельники, мкр.Новые Котельники, д.16 | AF81: 8П | AI81: 2 | AJ81: =IF((WEEKDAY(TODAY(),2))=6,"10:00","09:30") -> 09:30 | AK81: =IF(AP81>2000,"15:00",IF(AP81<1000,"16:30","16:00")) -> 16:00 | AL81: =CONCATENATE(TEXT(AJ81,"ЧЧ:ММ")," ","-"," ",TEXT(AK81,"ЧЧ:ММ")) -> 09:30 - 16:00 | AM81: 4 | AN81: =IF(AP81>1000,(AP81*320),300000) -> 413440 | AO81: TRUE | AP81: =H81*20+I81*20 -> 1292 | AQ81: =IF(AP81>520,ROUNDUP(((H81*20)/560+(I81*20)/550),0),IF(SUM(H81:I81)=0,0,IF(AP81<255,1,ROUND(((H81*20)/520+(I81*20)/450),0)))) -> 3 | AR81: delivery | AW81: =IF(TIMEVALUE(M81)<TIMEVALUE(AJ81),AJ81,M81) -> 13:12:42 | AY81: 2 | BA81: =F81 -> НОВЫЕ-КОТЕЛЬНИКИ-16 | BB81: =AP81*3.5+10*60 -> 5122 | BL81: Новые_Котельники-16
C82: 382 | D82: 7227 | E82: 4227 | F82: М-РОКОССОВСКОГО-Б-Р-7 | G82: АМ | H82: 23.61 | I82: 6.67 | K82: ВЕЛЕСС03_1 | M82: 15:43:10 | N82: 1 | O82: 4 | P82: Москва | Q82: М Рокоссовского бр, д.7 | R82: Фролкин Игорь Игоревич | S82: 2425091213 | T82: 89832676228 | U82: ИВЕКО | V82: В467ЕЕ799 | W82: 9966810995 | X82: Грузовой фургон | Y82: 3Т | Z82: велесс | AA82: 8 | AB82: F382 | AC82: Москва, Рокоссовского маршала бульв., д.7 | AF82: 8П | AI82: 2 | AJ82: =IF((WEEKDAY(TODAY(),2))=6,"10:00","09:30") -> 09:30 | AK82: =IF(AP82>2000,"15:00",IF(AP82<1000,"16:30","16:00")) -> 16:30 | AL82: =CONCATENATE(TEXT(AJ82,"ЧЧ:ММ")," ","-"," ",TEXT(AK82,"ЧЧ:ММ")) -> 09:30 - 16:30 | AM82: 3 | AN82: =IF(AP82>1000,(AP82*320),300000) -> 300000 | AO82: TRUE | AP82: =H82*20+I82*20 -> 605.6 | AQ82: =IF(AP82>520,ROUNDUP(((H82*20)/560+(I82*20)/550),0),IF(SUM(H82:I82)=0,0,IF(AP82<255,1,ROUND(((H82*20)/520+(I82*20)/450),0)))) -> 2 | AR82: delivery | AW82: =IF(TIMEVALUE(M82)<TIMEVALUE(AJ82),AJ82,M82) -> 15:43:10 | AY82: 2 | BA82: =F82 -> М-РОКОССОВСКОГО-Б-Р-7 | BB82: =AP82*3.3+10*60 -> 2598.48 | BL82: РОКОССОВСКОГО_М-7 Т/ЗАЛ
C83: 282 | D83: 76 | E83: 7076 | F83: АК-КОРОЛЕВА-3 | G83: АМ | H83: 28.04 | I83: 6.59 | J83: 05:00:00 | K83: ВЕЛЕСС04_1 | M83: 09:00 | N83: 1 | O83: 1 | P83: Москва | Q83: ул.Академика Королева, д.3 | R83: Фоломеев Иван Андреевич | S83: 9940737150 | T83: 89151518287 | U83: ИВЕКО | V83: Е354РВ799 | W83: 9943505375 | X83: Грузовой фургон | Y83: 3Т | Z83: велесс | AA83: 8 | AB83: F282 | AC83: Москва, ул.Академика Королева, д.3 | AF83: 14П | AI83: 2 | AJ83: 09:00 | AK83: =IF(AP83>2000,"15:00",IF(AP83<1000,"16:30","16:00")) -> 16:30 | AL83: =CONCATENATE(TEXT(AJ83,"ЧЧ:ММ")," ","-"," ",TEXT(AK83,"ЧЧ:ММ")) -> 09:00 - 16:30 | AM83: 2 | AN83: =IF(AP83>1000,(AP83*320),300000) -> 300000 | AO83: TRUE | AP83: =H83*20+I83*20 -> 692.6 | AQ83: =IF(AP83>520,ROUNDUP(((H83*20)/560+(I83*20)/550),0),IF(SUM(H83:I83)=0,0,IF(AP83<255,1,ROUND(((H83*20)/520+(I83*20)/450),0)))) -> 2 | AR83: delivery | AW83: =IF(TIMEVALUE(M83)<TIMEVALUE(AJ83),AJ83,M83) -> 09:00 | AY83: 2 | BA83: =F83 -> АК-КОРОЛЕВА-3 | BB83: =AP83*3.5+10*60 -> 3024.1 | BL83: АКАДЕМИКА КОРОЛЕВА Т/ЗАЛ
C84: 299 | D84: 783 | E84: 4783 | F84: ЛАЗОРЕВЫЙ-ПР-Д-5К4 | G84: АМ | H84: 8.21 | I84: 2.47 | K84: ВЕЛЕСС04_1 | M84: 10:06:18 | N84: 1 | O84: 2 | P84: Москва | Q84: Лазоревый пр-д, 5, к 4 | R84: Фоломеев Иван Андреевич | S84: 9940737150 | T84: 89151518287 | U84: ИВЕКО | V84: Е354РВ799 | W84: 9943505375 | X84: Грузовой фургон | Y84: 3Т | Z84: велесс | AA84: 8 | AB84: F299 | AC84: Москва, Лазоревый пр-д, 5, к 4 | AF84: 12П | AI84: 2 | AJ84: 09:00 | AK84: 0.54166667 | AL84: =CONCATENATE(TEXT(AJ84,"ЧЧ:ММ")," ","-"," ",TEXT(AK84,"ЧЧ:ММ")) -> 09:00 - 13:00 | AM84: 2 | AN84: =IF(AP84>1000,(AP84*320),300000) -> 300000 | AO84: TRUE | AP84: =H84*20+I84*20 -> 213.6 | AQ84: =IF(AP84>520,ROUNDUP(((H84*20)/560+(I84*20)/550),0),IF(SUM(H84:I84)=0,0,IF(AP84<255,1,ROUND(((H84*20)/520+(I84*20)/450),0)))) -> 1 | AR84: delivery | AW84: =IF(TIMEVALUE(M84)<TIMEVALUE(AJ84),AJ84,M84) -> 10:06:18 | AY84: 1 | BA84: =F84 -> ЛАЗОРЕВЫЙ-ПР-Д-5К4 | BB84: =AP84*3.2+10*60 -> 1283.52 | BF84: 18.252 | BK84: 2.5213333 | BL84: ЛАЗОРЕВЫЙ_ПР_Д-5 Т/ЗАЛ
C85: 352 | D85: 25980 | E85: 4980 | F85: КОРОЛЕВ-ЛЕНИНСКАЯ-11А | G85: АМР | H85: 48.47 | I85: 17.44 | K85: ВЕЛЕСС04_1 | M85: 11:01:21 | N85: 1 | O85: 3 | P85: Королев | Q85: ул. Ленинская, д.11А | R85: Фоломеев Иван Андреевич | S85: 9940737150 | T85: 89151518287 | U85: ИВЕКО | V85: Е354РВ799 | W85: 9943505375 | X85: Грузовой фургон | Y85: 3Т | Z85: велесс | AA85: 8 | AB85: F352 | AC85: Королев, Ленинская ул., д.11А | AF85: 14П | AI85: 2 | AJ85: =IF((WEEKDAY(TODAY(),2))=6,"10:00","09:00") -> 09:00 | AK85: =IF(AP85>2000,"15:00",IF(AP85<1000,"16:30","16:00")) -> 16:00 | AL85: =CONCATENATE(TEXT(AJ85,"ЧЧ:ММ")," ","-"," ",TEXT(AK85,"ЧЧ:ММ")) -> 09:00 - 16:00 | AM85: 2 | AN85: =IF(AP85>1000,(AP85*320),300000) -> 421824 | AO85: TRUE | AP85: =H85*20+I85*20 -> 1318.2 | AQ85: =IF(AP85>520,ROUNDUP(((H85*20)/560+(I85*20)/550),0),IF(SUM(H85:I85)=0,0,IF(AP85<255,1,ROUND(((H85*20)/520+(I85*20)/450),0)))) -> 3 | AR85: delivery | AW85: =IF(TIMEVALUE(M85)<TIMEVALUE(AJ85),AJ85,M85) -> 11:01:21 | AY85: 2 | BA85: =F85 -> КОРОЛЕВ-ЛЕНИНСКАЯ-11А | BB85: =AP85*3.2+10*60 -> 4818.24 | BL85: Королев_Ленинская-11а
C86: 351 | D86: 25981 | E86: 4981 | F86: КОРОЛЕВ-М-К-ТИХОНРАВОВА-35К7 | G86: АМР | H86: 25.44 | I86: 10.25 | K86: ВЕЛЕСС04_1 | M86: 12:29:13 | N86: 1 | O86: 4 | P86: Королев | Q86: ул.М.К.Тихонравова, д.35, кор.7 | R86: Фоломеев Иван Андреевич | S86: 9940737150 | T86: 89151518287 | U86: ИВЕКО | V86: Е354РВ799 | W86: 9943505375 | X86: Грузовой фургон | Y86: 3Т | Z86: велесс | AA86: 8 | AB86: F351 | AC86: Королев, ул.М.К.Тихонравова, д.35, кор.7 | AF86: 12П | AI86: 2 | AJ86: =IF((WEEKDAY(TODAY(),2))=6,"10:00","09:00") -> 09:00 | AK86: =IF(AP86>2000,"15:00",IF(AP86<1000,"16:30","16:00")) -> 16:30 | AL86: =CONCATENATE(TEXT(AJ86,"ЧЧ:ММ")," ","-"," ",TEXT(AK86,"ЧЧ:ММ")) -> 09:00 - 16:30 | AM86: 2 | AN86: =IF(AP86>1000,(AP86*320),300000) -> 300000 | AO86: TRUE | AP86: =H86*20+I86*20 -> 713.8 | AQ86: =IF(AP86>520,ROUNDUP(((H86*20)/560+(I86*20)/550),0),IF(SUM(H86:I86)=0,0,IF(AP86<255,1,ROUND(((H86*20)/520+(I86*20)/450),0)))) -> 2 | AR86: delivery | AW86: =IF(TIMEVALUE(M86)<TIMEVALUE(AJ86),AJ86,M86) -> 12:29:13 | AY86: 2 | BA86: =F86 -> КОРОЛЕВ-М-К-ТИХОНРАВОВА-35К7 | BB86: =AP86*3.4+10*60 -> 3026.92 | BF86: -11.404 | BL86: Королев_Тихонравова-35
C87: 390 | D87: 50720 | E87: 4720 | F87: БАЛАШИХА-ПЕРВОМАЙСКИЙ-ПР-Д-1 | G87: АМР | H87: 57.4 | I87: 18.01 | J87: 05:30 | K87: ВЕЛЕСС05_1 | M87: 12:08:40 | N87: 1 | O87: 1 | P87: Балашиха | Q87: Первомайский пр-д 1 | R87: Мальчиков Иван Сергеевич | S87: 9940737852 | T87: 89854354322 | U87: ИВЕКО | V87: Х585УМ799 | W87: 9937109192 | X87: Грузовой фургон | Y87: 3Т | Z87: велесс | AA87: 8 | AB87: F390 | AC87: Балашиха, г. Балашиха, Первомайский пр-д 1 | AF87: 8П | AI87: 2 | AJ87: =IF((WEEKDAY(TODAY(),2))=6,"10:00","09:00") -> 09:00 | AK87: 0.54166667 | AL87: =CONCATENATE(TEXT(AJ87,"ЧЧ:ММ")," ","-"," ",TEXT(AK87,"ЧЧ:ММ")) -> 09:00 - 13:00 | AM87: 3 | AN87: =IF(AP87>1000,(AP87*320),300000) -> 482624 | AO87: TRUE | AP87: =H87*20+I87*20 -> 1508.2 | AQ87: =IF(AP87>520,ROUNDUP(((H87*20)/560+(I87*20)/550),0),IF(SUM(H87:I87)=0,0,IF(AP87<255,1,ROUND(((H87*20)/520+(I87*20)/450),0)))) -> 3 | AR87: delivery | AW87: =IF(TIMEVALUE(M87)<TIMEVALUE(AJ87),AJ87,M87) -> 12:08:40 | AY87: 1 | BA87: =F87 -> БАЛАШИХА-ПЕРВОМАЙСКИЙ-ПР-Д-1 | BB87: =AP87*4.2+10*60 -> 6934.44 | BI87: -31.021333 | BL87: ам регион Балашиха-Первомайская-1 т/зал
C88: 388 | D88: 507057 | E88: 4057 | F88: ЩЕЛКОВО-ПОТАПОВСКИЙ-МКР-1К2 | G88: АМР | H88: 55.69 | I88: 15.37 | K88: ВЕЛЕСС05_1 | M88: 15:00:57 | N88: 1 | O88: 2 | P88: Щелково | Q88: мкр. Потаповский, д.1, к.2 | R88: Мальчиков Иван Сергеевич | S88: 9940737852 | T88: 89854354322 | U88: ИВЕКО | V88: Х585УМ799 | W88: 9937109192 | X88: Грузовой фургон | Y88: 3Т | Z88: велесс | AA88: 8 | AB88: F388 | AC88: Щелково, мкр Потаповский, д.1, кор.2 | AF88: 12П | AI88: 2 | AJ88: =IF((WEEKDAY(TODAY(),2))=6,"10:00","09:00") -> 09:00 | AK88: =IF(AP88>2000,"15:00",IF(AP88<1000,"16:30","16:00")) -> 16:00 | AL88: =CONCATENATE(TEXT(AJ88,"ЧЧ:ММ")," ","-"," ",TEXT(AK88,"ЧЧ:ММ")) -> 09:00 - 16:00 | AM88: 3 | AN88: =IF(AP88>1000,(AP88*320),300000) -> 454784 | AO88: TRUE | AP88: =H88*20+I88*20 -> 1421.2 | AQ88: =IF(AP88>520,ROUNDUP(((H88*20)/560+(I88*20)/550),0),IF(SUM(H88:I88)=0,0,IF(AP88<255,1,ROUND(((H88*20)/520+(I88*20)/450),0)))) -> 3 | AR88: delivery | AW88: =IF(TIMEVALUE(M88)<TIMEVALUE(AJ88),AJ88,M88) -> 15:00:57 | AY88: 2 | BA88: =F88 -> ЩЕЛКОВО-ПОТАПОВСКИЙ-МКР-1К2 | BB88: =AP88*3.5+10*60 -> 5574.2 | BL88: ам регион Щелково_Потаповский-1 т/зал
C89: 295 | D89: 7149 | E89: 4149 | F89: КОЛЬСКАЯ-8К2 | G89: АМ | H89: 14.87 | I89: 10.79 | J89: 04:42:44 | K89: ВЕЛЕСС06_1 | M89: 09:30 | N89: 1 | O89: 1 | P89: Москва | Q89: Кольская ул., д.8, кор.2 | R89: Дорошков Павел Георгиевич | S89: 9940059224 | T89: 89257960401 | U89: ИВЕКО | V89: Н508РМ799 | W89: 9943505471 | X89: Грузовой фургон | Y89: 3Т | Z89: велесс | AA89: 8 | AB89: F295 | AC89: Москва,ул.Кольская, д.8, кор.2 | AF89: 12П | AI89: 2 | AJ89: 09:30 | AK89: 0.75 | AL89: =CONCATENATE(TEXT(AJ89,"ЧЧ:ММ")," ","-"," ",TEXT(AK89,"ЧЧ:ММ")) -> 09:30 - 18:00 | AM89: 2 | AN89: =IF(AP89>1000,(AP89*320),300000) -> 300000 | AO89: TRUE | AP89: =H89*20+I89*20 -> 513.2 | AQ89: =IF(AP89>520,ROUNDUP(((H89*20)/560+(I89*20)/550),0),IF(SUM(H89:I89)=0,0,IF(AP89<255,1,ROUND(((H89*20)/520+(I89*20)/450),0)))) -> 1 | AR89: delivery | AW89: =IF(TIMEVALUE(M89)<TIMEVALUE(AJ89),AJ89,M89) -> 09:30 | AY89: 3 | BA89: =F89 -> КОЛЬСКАЯ-8К2 | BB89: =AP89*3.5+10*60 -> 2396.2 | BF89: -3.9333333 | BL89: КОЛЬСКАЯ-8 Т/ЗАЛ
C90: 353 | D90: 50968 | E90: 4968 | F90: ИВАНТЕЕВКА-ХЛЕБОЗАВОДСКАЯ-30 | G90: АМР | H90: 89.88 | I90: 30.13 | K90: ВЕЛЕСС06_1 | M90: 11:00:57 | N90: 1 | O90: 2 | P90: Ивантеевка | Q90: ул. Хлебозаводская, д. 30 | R90: Дорошков Павел Георгиевич | S90: 9940059224 | T90: 89257960401 | U90: ИВЕКО | V90: Н508РМ799 | W90: 9943505471 | X90: Грузовой фургон | Y90: 3Т | Z90: велесс | AA90: 8 | AB90: F353 | AC90: Ивантеевка, ул. Хлебозаводская, д. 30 | AF90: 14П | AI90: 2 | AJ90: =IF((WEEKDAY(TODAY(),2))=6,"10:00","09:00") -> 09:00 | AK90: =IF(AP90>2000,"15:00",IF(AP90<1000,"16:30","16:00")) -> 15:00 | AL90: =CONCATENATE(TEXT(AJ90,"ЧЧ:ММ")," ","-"," ",TEXT(AK90,"ЧЧ:ММ")) -> 09:00 - 15:00 | AM90: 2 | AN90: =IF(AP90>1000,(AP90*320),300000) -> 768064 | AO90: TRUE | AP90: =H90*20+I90*20 -> 2400.2 | AQ90: =IF(AP90>520,ROUNDUP(((H90*20)/560+(I90*20)/550),0),IF(SUM(H90:I90)=0,0,IF(AP90<255,1,ROUND(((H90*20)/520+(I90*20)/450),0)))) -> 5 | AR90: delivery | AW90: =IF(TIMEVALUE(M90)<TIMEVALUE(AJ90),AJ90,M90) -> 11:00:57 | AY90: 2 | BA90: =F90 -> ИВАНТЕЕВКА-ХЛЕБОЗАВОДСКАЯ-30 | BB90: =AP90*3.2+10*60 -> 8280.64 | BL90: ам регион Ивантеевка_Хлебозаводская-30
C91: 169 | D91: 936 | E91: 4936 | F91: ВОЛОКОЛАМСКОЕ-Ш-71К4 | G91: АМ | H91: 9.04 | I91: 4.05 | J91: 05:30 | K91: ВЕЛЕСС07_1 | L91: 2 | M91: 09:30 | N91: 1 | O91: 1 | P91: Москва | Q91: Волоколамское ш., д.71 кор.4 | R91: Добровольский Андрей Валерьевич | S91: 9919517000 | T91: 89776203155 | U91: ФОРД | V91: Е198ХА799 | W91: 9978310708 | X91: Грузовой фургон | Y91: 3Т | Z91: велесс | AA91: 8 | AB91: F169 | AC91: Москва, Волоколамское ш., д.71 кор.4 | AF91: 14П,2Г | AI91: 2 | AJ91: 09:30 | AK91: 0.54166667 | AL91: =CONCATENATE(TEXT(AJ91,"ЧЧ:ММ")," ","-"," ",TEXT(AK91,"ЧЧ:ММ")) -> 09:30 - 13:00 | AM91: 1 | AN91: =IF(AP91>1000,(AP91*320),300000) -> 300000 | AO91: TRUE | AP91: =H91*20+I91*20 -> 261.8 | AQ91: =IF(AP91>520,ROUNDUP(((H91*20)/560+(I91*20)/550),0),IF(SUM(H91:I91)=0,0,IF(AP91<255,1,ROUND(((H91*20)/520+(I91*20)/450),0)))) -> 1 | AR91: delivery | AW91: =IF(TIMEVALUE(M91)<TIMEVALUE(AJ91),AJ91,M91) -> 09:30 | AY91: 1 | BA91: =F91 -> ВОЛОКОЛАМСКОЕ-Ш-71К4 | BB91: =AP91*4.5+10*60 -> 1778.1 | BF91: -37.711667 | BK91: -12.533333 | BL91: ВОЛОКОЛАМСКОЕ_Ш-71 Т/ЗАЛ
C92: 175 | D92: 7098 | E92: 4098 | F92: ТУРИСТСКАЯ-27К1 | G92: АМ | H92: 43.5 | I92: 6.88 | K92: ВЕЛЕСС07_1 | M92: 10:18:54 | N92: 1 | O92: 2 | P92: Москва | Q92: Туристская, д.27, кор.1 | R92: Добровольский Андрей Валерьевич | S92: 9919517000 | T92: 89776203155 | U92: ФОРД | V92: Е198ХА799 | W92: 9978310708 | X92: Грузовой фургон | Y92: 3Т | Z92: велесс | AA92: 8 | AB92: F175 | AC92: Москва, Туристская, д.27, кор.1 | AF92: 14П | AI92: 2 | AJ92: 09:30 | AK92: 0.54166667 | AL92: =CONCATENATE(TEXT(AJ92,"ЧЧ:ММ")," ","-"," ",TEXT(AK92,"ЧЧ:ММ")) -> 09:30 - 13:00 | AM92: 1 | AN92: =IF(AP92>1000,(AP92*320),300000) -> 322432 | AO92: TRUE | AP92: =H92*20+I92*20 -> 1007.6 | AQ92: =IF(AP92>520,ROUNDUP(((H92*20)/560+(I92*20)/550),0),IF(SUM(H92:I92)=0,0,IF(AP92<255,1,ROUND(((H92*20)/520+(I92*20)/450),0)))) -> 2 | AR92: delivery | AW92: =IF(TIMEVALUE(M92)<TIMEVALUE(AJ92),AJ92,M92) -> 10:18:54 | AY92: 1 | BA92: =F92 -> ТУРИСТСКАЯ-27К1 | BB92: =AP92*3+10*60 -> 3622.8 | BG92: -34.143333 | BL92: ТУРИСТСКАЯ-27 Т/ЗАЛ
C93: 309 | D93: 50789 | E93: 4789 | F93: ДОЛГОПРУД-УМБЕРТО-НОБИЛЕ-Б-Р-1 | G93: АМР | H93: 20.83 | I93: 12.39 | K93: ВЕЛЕСС07_1 | M93: 11:50:45 | N93: 1 | O93: 3 | P93: Долгопрудный | Q93: б-р Умберто Нобиле, 1 | R93: Добровольский Андрей Валерьевич | S93: 9919517000 | T93: 89776203155 | U93: ФОРД | V93: Е198ХА799 | W93: 9978310708 | X93: Грузовой фургон | Y93: 3Т | Z93: велесс | AA93: 8 | AB93: F309 | AC93: Долгопрудный, б-р Умберто Нобиле, 1 | AF93: 12П | AI93: 2 | AJ93: =IF((WEEKDAY(TODAY(),2))=6,"10:00","09:30") -> 09:30 | AK93: 0.54166667 | AL93: =CONCATENATE(TEXT(AJ93,"ЧЧ:ММ")," ","-"," ",TEXT(AK93,"ЧЧ:ММ")) -> 09:30 - 13:00 | AM93: 2 | AN93: =IF(AP93>1000,(AP93*320),300000) -> 300000 | AO93: TRUE | AP93: =H93*20+I93*20 -> 664.4 | AQ93: =IF(AP93>520,ROUNDUP(((H93*20)/560+(I93*20)/550),0),IF(SUM(H93:I93)=0,0,IF(AP93<255,1,ROUND(((H93*20)/520+(I93*20)/450),0)))) -> 2 | AR93: delivery | AW93: =IF(TIMEVALUE(M93)<TIMEVALUE(AJ93),AJ93,M93) -> 11:50:45 | AY93: 1 | BA93: =F93 -> ДОЛГОПРУД-УМБЕРТО-НОБИЛЕ-Б-Р-1 | BB93: =AP93*3+10*60 -> 2593.2 | BE93: -20.786667 | BF93: -19.96 | BH93: -16.013333 | BI93: -9.5866667 | BL93: ам регион Долгопрудный-Умберто Нобиле-1 т/зал
C94: 306 | D94: 50921 | E94: 4921 | F94: ДОЛГОПРУД-ЛИХАЧЕВСКОЕ-Ш-14К1 | G94: АМР | H94: 37.54 | I94: 12.43 | K94: ВЕЛЕСС07_1 | M94: 12:45:21 | N94: 1 | O94: 4 | P94: Долгопрудный | Q94: Лихачевское ш, д.14 к.1 | R94: Добровольский Андрей Валерьевич | S94: 9919517000 | T94: 89776203155 | U94: ФОРД | V94: Е198ХА799 | W94: 9978310708 | X94: Грузовой фургон | Y94: 3Т | Z94: велесс | AA94: 8 | AB94: F306 | AC94: Долгопрудный, Лихачевское ш, д.14 к.1 | AF94: 12П | AI94: 2 | AJ94: =IF((WEEKDAY(TODAY(),2))=6,"10:00","09:30") -> 09:30 | AK94: =IF(AP94>2000,"15:00",IF(AP94<1000,"16:30","16:00")) -> 16:30 | AL94: =CONCATENATE(TEXT(AJ94,"ЧЧ:ММ")," ","-"," ",TEXT(AK94,"ЧЧ:ММ")) -> 09:30 - 16:30 | AM94: 2 | AN94: =IF(AP94>1000,(AP94*320),300000) -> 300000 | AO94: TRUE | AP94: =H94*20+I94*20 -> 999.4 | AQ94: =IF(AP94>520,ROUNDUP(((H94*20)/560+(I94*20)/550),0),IF(SUM(H94:I94)=0,0,IF(AP94<255,1,ROUND(((H94*20)/520+(I94*20)/450),0)))) -> 2 | AR94: delivery | AW94: =IF(TIMEVALUE(M94)<TIMEVALUE(AJ94),AJ94,M94) -> 12:45:21 | AY94: 2 | BA94: =F94 -> ДОЛГОПРУД-ЛИХАЧЕВСКОЕ-Ш-14К1 | BB94: =AP94*3+10*60 -> 3598.2 | BG94: -22.496667 | BH94: -29.963333 | BJ94: 0.54 | BL94: ам регион Долгопрудный_Лихачевское_ш-14
C95: 29 | D95: 740 | E95: 4740 | F95: 1-НОВОКУЗЬМИНСКАЯ-27/12 | G95: АМ | H95: 5.95 | I95: 9.08 | J95: 05:30 | K95: ВЕЛЕСС08_1 | M95: 09:00 | N95: 1 | O95: 1 | P95: Москва | Q95: 1-я Новокузьминская ул., д.27/12 | R95: Ведешкин Павел Сергеевич | S95: 7730279992 | T95: 89060137525 | U95: ИВЕКО | V95: О227АМ977 | W95: 9949343192 | X95: Грузовой фургон | Y95: 3Т | Z95: велесс | AA95: 8 | AB95: F29 | AC95: Москва, 1-я Новокузьминская ул., д.27/12 | AF95: 8П | AI95: 2 | AJ95: 09:00 | AK95: =IF(AP95>2000,"15:00",IF(AP95<1000,"16:30","16:00")) -> 16:30 | AL95: =CONCATENATE(TEXT(AJ95,"ЧЧ:ММ")," ","-"," ",TEXT(AK95,"ЧЧ:ММ")) -> 09:00 - 16:30 | AM95: 4 | AN95: =IF(AP95>1000,(AP95*320),300000) -> 300000 | AO95: TRUE | AP95: =H95*20+I95*20 -> 300.6 | AQ95: =IF(AP95>520,ROUNDUP(((H95*20)/560+(I95*20)/550),0),IF(SUM(H95:I95)=0,0,IF(AP95<255,1,ROUND(((H95*20)/520+(I95*20)/450),0)))) -> 1 | AR95: delivery | AW95: =IF(TIMEVALUE(M95)<TIMEVALUE(AJ95),AJ95,M95) -> 09:00 | AY95: 2 | BA95: =F95 -> 1-НОВОКУЗЬМИНСКАЯ-27/12 | BB95: =AP95*3.5+10*60 -> 1652.1 | BK95: 5.4733333 | BL95: 1-Я НОВОКУЗЬМИНСКАЯ-27/12 Т/ЗАЛ
C96: 389 | D96: 50699 | E96: 7699 | F96: БАЛАШИХА-ЛЕНИНА-ПР-Т-23/5 | G96: АМР | H96: 54.01 | I96: 17.15 | K96: ВЕЛЕСС08_1 | M96: 10:06:24 | N96: 1 | O96: 2 | P96: Балашиха | Q96: просп. Ленина, 23/5 | R96: Ведешкин Павел Сергеевич | S96: 7730279992 | T96: 89060137525 | U96: ИВЕКО | V96: О227АМ977 | W96: 9949343192 | X96: Грузовой фургон | Y96: 3Т | Z96: велесс | AA96: 8 | AB96: F389 | AC96: Балашиха, г. Балашиха, просп. Ленина, 23/5 | AF96: 8П | AI96: 2 | AJ96: =IF((WEEKDAY(TODAY(),2))=6,"10:00","09:00") -> 09:00 | AK96: =IF(AP96>2000,"15:00",IF(AP96<1000,"16:30","16:00")) -> 16:00 | AL96: =CONCATENATE(TEXT(AJ96,"ЧЧ:ММ")," ","-"," ",TEXT(AK96,"ЧЧ:ММ")) -> 09:00 - 16:00 | AM96: 3 | AN96: =IF(AP96>1000,(AP96*320),300000) -> 455424 | AO96: TRUE | AP96: =H96*20+I96*20 -> 1423.2 | AQ96: =IF(AP96>520,ROUNDUP(((H96*20)/560+(I96*20)/550),0),IF(SUM(H96:I96)=0,0,IF(AP96<255,1,ROUND(((H96*20)/520+(I96*20)/450),0)))) -> 3 | AR96: delivery | AW96: =IF(TIMEVALUE(M96)<TIMEVALUE(AJ96),AJ96,M96) -> 10:06:24 | AY96: 2 | BA96: =F96 -> БАЛАШИХА-ЛЕНИНА-ПР-Т-23/5 | BB96: =AP96*3.5+10*60 -> 5581.2 | BL96: ам регион Балашиха-Ленина-23/5 т/зал
C97: 391 | D97: 50726 | E97: 4726 | F97: БАЛАШИХА-СВЕРДЛОВА-16К5 | G97: АМР | H97: 50.42 | I97: 10.69 | K97: ВЕЛЕСС08_1 | L97: 2 | M97: 11:54:46 | N97: 1 | O97: 3 | P97: Балашиха | Q97: Свердлова 16 к 5 | R97: Ведешкин Павел Сергеевич | S97: 7730279992 | T97: 89060137525 | U97: ИВЕКО | V97: О227АМ977 | W97: 9949343192 | X97: Грузовой фургон | Y97: 3Т | Z97: велесс | AA97: 8 | AB97: F391 | AC97: Балашиха, Свердлова 16 к 5 | AF97: 8П | AI97: 2 | AJ97: =IF((WEEKDAY(TODAY(),2))=6,"10:00","09:00") -> 09:00 | AK97: 0.54166667 | AL97: =CONCATENATE(TEXT(AJ97,"ЧЧ:ММ")," ","-"," ",TEXT(AK97,"ЧЧ:ММ")) -> 09:00 - 13:00 | AM97: 3 | AN97: =IF(AP97>1000,(AP97*320),300000) -> 391104 | AO97: TRUE | AP97: =H97*20+I97*20 -> 1222.2 | AQ97: =IF(AP97>520,ROUNDUP(((H97*20)/560+(I97*20)/550),0),IF(SUM(H97:I97)=0,0,IF(AP97<255,1,ROUND(((H97*20)/520+(I97*20)/450),0)))) -> 3 | AR97: delivery | AW97: =IF(TIMEVALUE(M97)<TIMEVALUE(AJ97),AJ97,M97) -> 11:54:46 | AY97: 1 | BA97: =F97 -> БАЛАШИХА-СВЕРДЛОВА-16К5 | BB97: =AP97*3.2+10*60 -> 4511.04 | BI97: 11.869333 | BL97: ам регион Балашиха-Свердлова-16 т/зал
C98: 447 | D98: 775 | E98: 4775 | F98: ЯРЦЕВСКАЯ-4 | G98: АМ | H98: 9.1 | I98: 2.76 | J98: 06:29:33 | K98: КАРАВАН501-10_1 | M98: 09:30 | N98: 1 | O98: 1 | P98: Москва | Q98: Ярцевская ул. д.4 | R98: Юлдашев Мирзохид Махмуджонович | S98: 9939 747028 | T98: 89850104588 | U98: Камаз | V98: Т482УР790 | W98: 9975653235 | X98: реф/изо | Y98: 5 | Z98: КАРАВАН | AA98: 10 | AB98: F447 | AC98: Москва, Ярцевская ул., д.4 | AF98: 14П | AI98: 2 | AJ98: 09:30 | AK98: 0.54166667 | AL98: =CONCATENATE(TEXT(AJ98,"ЧЧ:ММ")," ","-"," ",TEXT(AK98,"ЧЧ:ММ")) -> 09:30 - 13:00 | AM98: 1 | AN98: =IF(AP98>1000,(AP98*320),300000) -> 300000 | AO98: TRUE | AP98: =H98*20+I98*20 -> 237.2 | AQ98: =IF(AP98>520,ROUNDUP(((H98*20)/560+(I98*20)/550),0),IF(SUM(H98:I98)=0,0,IF(AP98<255,1,ROUND(((H98*20)/520+(I98*20)/450),0)))) -> 1 | AR98: delivery | AW98: =IF(TIMEVALUE(M98)<TIMEVALUE(AJ98),AJ98,M98) -> 09:30 | AY98: 1 | BA98: =F98 -> ЯРЦЕВСКАЯ-4 | BB98: =AP98*2.7+10*60 -> 1240.44 | BI98: 11.647333 | BK98: -12.377 | BL98: ЯРЦЕВСКАЯ-4 Т/ЗАЛ
C99: 167 | D99: 860 | E99: 4860 | F99: АВИАЦИОННАЯ-77К2 | G99: АМ | H99: 18.06 | I99: 9.54 | K99: КАРАВАН501-10_1 | M99: 10:25:02 | N99: 1 | O99: 2 | P99: Москва | Q99: Авиационная ул., д.77,к.2 | R99: Юлдашев Мирзохид Махмуджонович | S99: 9939 747028 | T99: 89850104588 | U99: Камаз | V99: Т482УР790 | W99: 9975653235 | X99: реф/изо | Y99: 5 | Z99: КАРАВАН | AA99: 10 | AB99: F167 | AC99: Москва, Авиационная ул., д.77,к.2 | AF99: 14П | AI99: 2 | AJ99: 09:30 | AK99: 0.54166667 | AL99: =CONCATENATE(TEXT(AJ99,"ЧЧ:ММ")," ","-"," ",TEXT(AK99,"ЧЧ:ММ")) -> 09:30 - 13:00 | AM99: 1 | AN99: =IF(AP99>1000,(AP99*320),300000) -> 300000 | AO99: TRUE | AP99: =H99*20+I99*20 -> 552 | AQ99: =IF(AP99>520,ROUNDUP(((H99*20)/560+(I99*20)/550),0),IF(SUM(H99:I99)=0,0,IF(AP99<255,1,ROUND(((H99*20)/520+(I99*20)/450),0)))) -> 1 | AR99: delivery | AW99: =IF(TIMEVALUE(M99)<TIMEVALUE(AJ99),AJ99,M99) -> 10:25:02 | AY99: 1 | BA99: =F99 -> АВИАЦИОННАЯ-77К2 | BB99: =AP99*3+10*60 -> 2256 | BG99: 6.1633333 | BJ99: -23.133333 | BK99: 30.66 | BL99: АВИАЦИОННАЯ-77 Т/ЗАЛ
C100: 213 | D100: 737 | E100: 4737 | F100: МАРШ-ЖУКОВА-ПР-Т-30 | G100: АМ | H100: 44.47 | I100: 10.62 | K100: КАРАВАН501-10_1 | M100: 11:21:13 | N100: 1 | O100: 3 | P100: Москва | Q100: Маршала Жукова пркт 30 | R100: Юлдашев Мирзохид Махмуджонович | S100: 9939 747028 | T100: 89850104588 | U100: Камаз | V100: Т482УР790 | W100: 9975653235 | X100: реф/изо | Y100: 5 | Z100: КАРАВАН | AA100: 10 | AB100: F213 | AC100: Москва, ЖУКОВА МАРШАЛА ПР-КТ 30 | AF100: 12П | AI100: 2 | AJ100: 09:00 | AK100: 0.54166667 | AL100: =CONCATENATE(TEXT(AJ100,"ЧЧ:ММ")," ","-"," ",TEXT(AK100,"ЧЧ:ММ")) -> 09:00 - 13:00 | AM100: 6 | AN100: =IF(AP100>1000,(AP100*320),300000) -> 352576 | AO100: TRUE | AP100: =H100*20+I100*20 -> 1101.8 | AQ100: =IF(AP100>520,ROUNDUP(((H100*20)/560+(I100*20)/550),0),IF(SUM(H100:I100)=0,0,IF(AP100<255,1,ROUND(((H100*20)/520+(I100*20)/450),0)))) -> 2 | AR100: delivery | AW100: =IF(TIMEVALUE(M100)<TIMEVALUE(AJ100),AJ100,M100) -> 11:21:13 | AY100: 1 | BA100: =F100 -> МАРШ-ЖУКОВА-ПР-Т-30 | BB100: =AP100*2.8+10*60 -> 3685.04 | BG100: -26.198667 | BL100: МАРШАЛА ЖУКОВА-30 Т/ЗАЛ
...

Sheet ДЛЯ ДОМИНО
A1: п/п | B1: Заказ номер | C1: Заказ дата | D1: Док-т подр. | E1: Док-т номер | F1: Док-т дата | G1: Брутто, кг | H1: Номер магазина | I1: Получатель код | J1: Получатель наименование | K1: Маршрут | L1: Рейс номер | M1: Порядок точки | N1: Время загрузки | O1: Время прибытия в магазин | P1: Транспортная компания | Q1: ФИО водителя | R1: В/У водителя | S1: Телефон водителя | T1: Марка автомобиля | U1: Гос.номер автомобиля | V1: Свид. Регистрации автомобиля | W1: Тип ТС | X1: ГрузоподъемностьТС | Y1: Экспедитор | Z1: Ворота | AA1: Довоз | AB1: Возврат | AC1: Количество паллет
A2: 434 | B2: 389.307849 | C2: "23/10/2025" | D2: 309 | E2: "0720903" | F2: "23/10/2025" | G2: 406.06 | H2: 3 | I2: "(01.3)" | J2: БРАТИСЛАВСКАЯ-29К1 | K2: =VLOOKUP($H2,Orders!$D:$Y,8,0) -> 10 | L2: =VLOOKUP($H2,Orders!$D:$Y,11,0) -> 13 | M2: =VLOOKUP($H2,Orders!$D:$Y,12,0) -> 14 | N2: =INDEX(Orders!J:J,MATCH(K2,Orders!K:K,0)) -> 9 | O2: =VLOOKUP($H2,Orders!$D:$Y,10,0) -> 12 | P2: =VLOOKUP($K2,Orders!$K:$Z,16,0) -> 25 | Q2: =VLOOKUP(K2,Orders!$K:$Z,8,0) -> 17 | R2: =VLOOKUP($Q2,Orders!$R:$Z,2,0) -> 18 | S2: =VLOOKUP($Q2,Orders!$R:$Z,3,0) -> 19 | T2: =VLOOKUP($Q2,Orders!$R:$Z,4,0) -> 20 | U2: =VLOOKUP($Q2,Orders!$R:$Z,5,0) -> 21 | V2: =VLOOKUP($Q2,Orders!$R:$Z,6,0) -> 22 | W2: =VLOOKUP($Q2,Orders!$R:$Z,7,0) -> 23 | X2: =VLOOKUP($Q2,Orders!$R:$Z,8,0) -> 24 | AC2: =VLOOKUP($Q2,Orders!$R:$AA,10,0) -> 26
A3: 530 | B3: 389.307935 | C3: "23/10/2025" | D3: 312 | E3: "0462702" | F3: "23/10/2025" | G3: 16.5 | H3: 3 | I3: "(01.3)" | J3: БРАТИСЛАВСКАЯ-29К1 | K3: =VLOOKUP($H3,Orders!$D:$Y,8,0) -> 10 | L3: =VLOOKUP($H3,Orders!$D:$Y,11,0) -> 13 | M3: =VLOOKUP($H3,Orders!$D:$Y,12,0) -> 14 | N3: =INDEX(Orders!J:J,MATCH(K3,Orders!K:K,0)) -> 9 | O3: =VLOOKUP($H3,Orders!$D:$Y,10,0) -> 12 | P3: =VLOOKUP($K3,Orders!$K:$Z,16,0) -> 25 | Q3: =VLOOKUP(K3,Orders!$K:$Z,8,0) -> 17 | R3: =VLOOKUP($Q3,Orders!$R:$Z,2,0) -> 18 | S3: =VLOOKUP($Q3,Orders!$R:$Z,3,0) -> 19 | T3: =VLOOKUP($Q3,Orders!$R:$Z,4,0) -> 20 | U3: =VLOOKUP($Q3,Orders!$R:$Z,5,0) -> 21 | V3: =VLOOKUP($Q3,Orders!$R:$Z,6,0) -> 22 | W3: =VLOOKUP($Q3,Orders!$R:$Z,7,0) -> 23 | X3: =VLOOKUP($Q3,Orders!$R:$Z,8,0) -> 24 | AC3: =VLOOKUP($Q3,Orders!$R:$AA,10,0) -> 26
A4: 531 | B4: 389.307935 | C4: "23/10/2025" | D4: 311 | E4: "0478638" | F4: "23/10/2025" | G4: 15.91 | H4: 3 | I4: "(01.3)" | J4: БРАТИСЛАВСКАЯ-29К1 | K4: =VLOOKUP($H4,Orders!$D:$Y,8,0) -> 10 | L4: =VLOOKUP($H4,Orders!$D:$Y,11,0) -> 13 | M4: =VLOOKUP($H4,Orders!$D:$Y,12,0) -> 14 | N4: =INDEX(Orders!J:J,MATCH(K4,Orders!K:K,0)) -> 9 | O4: =VLOOKUP($H4,Orders!$D:$Y,10,0) -> 12 | P4: =VLOOKUP($K4,Orders!$K:$Z,16,0) -> 25 | Q4: =VLOOKUP(K4,Orders!$K:$Z,8,0) -> 17 | R4: =VLOOKUP($Q4,Orders!$R:$Z,2,0) -> 18 | S4: =VLOOKUP($Q4,Orders!$R:$Z,3,0) -> 19 | T4: =VLOOKUP($Q4,Orders!$R:$Z,4,0) -> 20 | U4: =VLOOKUP($Q4,Orders!$R:$Z,5,0) -> 21 | V4: =VLOOKUP($Q4,Orders!$R:$Z,6,0) -> 22 | W4: =VLOOKUP($Q4,Orders!$R:$Z,7,0) -> 23 | X4: =VLOOKUP($Q4,Orders!$R:$Z,8,0) -> 24 | AC4: =VLOOKUP($Q4,Orders!$R:$AA,10,0) -> 26
A5: 532 | B5: 389.307935 | C5: "23/10/2025" | D5: 309 | E5: "0720979" | F5: "23/10/2025" | G5: 121.21 | H5: 3 | I5: "(01.3)" | J5: БРАТИСЛАВСКАЯ-29К1 | K5: =VLOOKUP($H5,Orders!$D:$Y,8,0) -> 10 | L5: =VLOOKUP($H5,Orders!$D:$Y,11,0) -> 13 | M5: =VLOOKUP($H5,Orders!$D:$Y,12,0) -> 14 | N5: =INDEX(Orders!J:J,MATCH(K5,Orders!K:K,0)) -> 9 | O5: =VLOOKUP($H5,Orders!$D:$Y,10,0) -> 12 | P5: =VLOOKUP($K5,Orders!$K:$Z,16,0) -> 25 | Q5: =VLOOKUP(K5,Orders!$K:$Z,8,0) -> 17 | R5: =VLOOKUP($Q5,Orders!$R:$Z,2,0) -> 18 | S5: =VLOOKUP($Q5,Orders!$R:$Z,3,0) -> 19 | T5: =VLOOKUP($Q5,Orders!$R:$Z,4,0) -> 20 | U5: =VLOOKUP($Q5,Orders!$R:$Z,5,0) -> 21 | V5: =VLOOKUP($Q5,Orders!$R:$Z,6,0) -> 22 | W5: =VLOOKUP($Q5,Orders!$R:$Z,7,0) -> 23 | X5: =VLOOKUP($Q5,Orders!$R:$Z,8,0) -> 24 | AC5: =VLOOKUP($Q5,Orders!$R:$AA,10,0) -> 26
